date_start,year,quarter,month,country,region,latitude,longitude,best,high,low,type_of_violence
2023-01-30,2023,2023Q1,2023-01,Benin,Littoral,11.33966,2.45915,3,3,3,3
2023-05-01,2023,2023Q2,2023-05,Benin,Littoral,11.068111,1.920931,7,15,7,3
2023-05-02,2023,2023Q2,2023-05,Benin,Littoral,11.30844,2.144809,3,3,3,3
2023-07-19,2023,2023Q3,2023-07,Benin,Littoral,10.743398,0.982153,2,2,2,3
2023-09-06,2023,2023Q3,2023-09,Benin,Littoral,11.93816,2.75703,3,3,3,3
2024-03-06,2024,2024Q1,2024-03,Benin,Littoral,11.679543,2.31456,2,2,2,3
2024-04-03,2024,2024Q2,2024-04,Benin,Littoral,12.038249,3.03389,1,1,1,3
2024-04-03,2024,2024Q2,2024-04,Benin,Littoral,10.7,1.583333,1,1,1,3
2024-04-03,2024,2024Q2,2024-04,Benin,Littoral,11.333333,2.916667,1,1,1,3
2024-04-13,2024,2024Q2,2024-04,Benin,Littoral,10.83861,2.83611,1,1,1,3
2024-10-03,2024,2024Q4,2024-10,Benin,Littoral,11.972333,3.135421,2,2,2,3
2020-02-09,2020,2020Q1,2020-02,Benin,Littoral,12.038249,3.03389,1,1,1,1
2021-03-25,2021,2021Q1,2021-03,Benin,Littoral,10.622452,1.264817,3,3,3,1
2021-11-30,2021,2021Q4,2021-11,Benin,Littoral,11.34724,2.32196,1,1,1,1
2021-12-01,2021,2021Q4,2021-12,Benin,Littoral,11.05,0.966667,3,3,3,1
2021-12-04,2021,2021Q4,2021-12,Benin,Littoral,10.552128,1.199101,1,1,1,1
2021-12-08,2021,2021Q4,2021-12,Benin,Littoral,11.08642,2.759318,1,1,1,1
2021-12-22,2021,2021Q4,2021-12,Benin,Littoral,10.7986,1.02756,2,3,2,1
2022-02-08,2022,2022Q1,2022-02,Benin,Littoral,12.038249,3.03389,8,8,8,1
2022-02-10,2022,2022Q1,2022-02,Benin,Littoral,12.038249,3.03389,1,1,1,1
2022-04-26,2022,2022Q2,2022-04,Benin,Littoral,12.292279,2.923995,1,1,1,1
2022-06-26,2022,2022Q2,2022-06,Benin,Littoral,10.807688,1.141906,4,4,4,1
2022-10-11,2022,2022Q4,2022-10,Benin,Littoral,10.914,1.069,8,8,8,1
2022-11-25,2022,2022Q4,2022-11,Benin,Littoral,11.068111,1.920931,1,4,1,1
2023-01-01,2023,2023Q1,2023-01,Benin,Littoral,12.06911,3.18405,2,2,2,1
2023-02-21,2023,2023Q1,2023-02,Benin,Littoral,10.743398,0.982153,3,3,3,1
2023-03-05,2023,2023Q1,2023-03,Benin,Littoral,10.914,1.069,1,1,1,1
2023-03-14,2023,2023Q1,2023-03,Benin,Littoral,12.045672,3.132625,1,1,1,1
2023-04-03,2023,2023Q2,2023-04,Benin,Littoral,10.9844,1.005811,0,3,0,1
2023-05-03,2023,2023Q2,2023-05,Benin,Littoral,11.068111,1.920931,4,4,4,1
2023-05-09,2023,2023Q2,2023-05,Benin,Littoral,10.811077,1.005061,2,2,2,1
2023-05-10,2023,2023Q2,2023-05,Benin,Littoral,11.068111,1.920931,3,3,3,1
2023-05-12,2023,2023Q2,2023-05,Benin,Littoral,10.7986,1.02756,1,1,1,1
2023-08-22,2023,2023Q3,2023-08,Benin,Littoral,11.93816,2.75703,2,2,2,1
2023-08-25,2023,2023Q3,2023-08,Benin,Littoral,12.103854,3.105676,4,4,4,1
2023-11-09,2023,2023Q4,2023-11,Benin,Littoral,11.05,0.966667,1,1,1,1
2023-12-12,2023,2023Q4,2023-12,Benin,Littoral,11.93816,2.75703,2,2,2,1
2024-01-01,2024,2024Q1,2024-01,Benin,Littoral,11.33966,2.45915,5,5,5,1
2024-01-20,2024,2024Q1,2024-01,Benin,Littoral,11.333333,2.916667,2,2,0,1
2024-01-30,2024,2024Q1,2024-01,Benin,Littoral,10.7986,1.02756,1,1,1,1
2024-01-30,2024,2024Q1,2024-01,Benin,Littoral,12.384248,2.829237,6,6,6,1
2024-02-17,2024,2024Q1,2024-02,Benin,Littoral,12.038249,3.03389,0,4,0,1
2024-03-15,2024,2024Q1,2024-03,Benin,Littoral,12.06911,3.18405,2,2,2,1
2024-03-21,2024,2024Q1,2024-03,Benin,Littoral,11.32889,3.040555,3,3,3,1
2024-04-16,2024,2024Q2,2024-04,Benin,Littoral,11.66636,3.26373,3,3,3,1
2024-04-16,2024,2024Q2,2024-04,Benin,Littoral,11.80528,3.473889,3,5,3,1
2024-04-16,2024,2024Q2,2024-04,Benin,Littoral,11.93816,2.75703,1,1,1,1
2024-05-14,2024,2024Q2,2024-05,Benin,Littoral,12.103854,3.105676,8,8,8,1
2024-06-04,2024,2024Q2,2024-06,Benin,Littoral,11.364155,1.357605,7,7,7,1
2024-07-24,2024,2024Q3,2024-07,Benin,Littoral,12.038249,3.03389,12,12,12,1
2024-08-09,2024,2024Q3,2024-08,Benin,Littoral,11.05,0.966667,2,2,2,1
2024-09-15,2024,2024Q3,2024-09,Benin,Littoral,12.20682,3.03389,2,2,2,1
2024-09-19,2024,2024Q3,2024-09,Benin,Littoral,11.63876,3.18873,2,2,2,1
2024-11-07,2024,2024Q4,2024-11,Benin,Littoral,11.977416,3.221043,1,1,1,1
2024-12-02,2024,2024Q4,2024-12,Benin,Littoral,11.86819,3.38327,3,3,3,1
2024-12-13,2024,2024Q4,2024-12,Benin,Littoral,10.91762,1.9377,2,2,2,1
2024-12-15,2024,2024Q4,2024-12,Benin,Littoral,11.33966,2.45915,2,2,2,1
2024-12-15,2024,2024Q4,2024-12,Benin,Littoral,11.33966,2.45915,5,5,5,1
2020-01-10,2020,2020Q1,2020-01,Burkina Faso,Sahel Core,14.00508,-0.95813,12,12,0,3
2020-01-17,2020,2020Q1,2020-01,Burkina Faso,Sahel Core,13.28139,-0.92872,16,16,0,3
2020-01-20,2020,2020Q1,2020-01,Burkina Faso,Sahel Core,13.46837,-1.18707,32,32,22,3
2020-01-20,2020,2020Q1,2020-01,Burkina Faso,Sahel Core,13.43931,-1.11706,4,4,4,3
2020-01-25,2020,2020Q1,2020-01,Burkina Faso,Sahel Core,13.80832,-1.32828,39,39,39,3
2020-02-01,2020,2020Q1,2020-02,Burkina Faso,Sahel Core,13.75861,-0.39966,18,18,0,3
2020-02-09,2020,2020Q1,2020-02,Burkina Faso,Sahel Core,12.51338,0.82621,2,2,2,3
2020-02-10,2020,2020Q1,2020-02,Burkina Faso,Sahel Core,13.43641,0.53044,1,1,1,3
2020-02-10,2020,2020Q1,2020-02,Burkina Faso,Sahel Core,13.41667,0.58333,5,5,5,3
2020-02-16,2020,2020Q1,2020-02,Burkina Faso,Sahel Core,13.24823,0.95085,21,21,21,3
2020-02-16,2020,2020Q1,2020-02,Burkina Faso,Sahel Core,13.23107,0.88128,24,24,24,3
2020-03-01,2020,2020Q1,2020-03,Burkina Faso,Sahel Core,14.58585,-0.13761,7,7,7,3
2020-03-26,2020,2020Q1,2020-03,Burkina Faso,Sahel Core,14.36384,-0.02992,2,2,2,3
2020-08-07,2020,2020Q3,2020-08,Burkina Faso,Sahel Core,12.01502,0.60921,0,20,0,3
2020-10-04,2020,2020Q4,2020-10,Burkina Faso,Sahel Core,13.16417,-0.8225,25,25,15,3
2020-10-14,2020,2020Q4,2020-10,Burkina Faso,Sahel Core,14.03565,-0.36824,7,8,0,3
2020-10-14,2020,2020Q4,2020-10,Burkina Faso,Sahel Core,14.03761,-0.31106,6,8,0,3
2020-10-15,2020,2020Q4,2020-10,Burkina Faso,Sahel Core,14.56148,-0.07253,2,2,2,3
2020-11-02,2020,2020Q4,2020-11,Burkina Faso,Sahel Core,14.03912,-0.62847,8,8,8,3
2020-11-08,2020,2020Q4,2020-11,Burkina Faso,Sahel Core,13.97697,-0.34052,8,8,0,3
2020-11-09,2020,2020Q4,2020-11,Burkina Faso,Sahel Core,14.0354,-0.0345,2,2,2,3
2021-02-01,2021,2021Q1,2021-02,Burkina Faso,Sahel Core,14.10366,-0.45126,1,1,1,3
2021-02-01,2021,2021Q1,2021-02,Burkina Faso,Sahel Core,14.04717,-0.36468,1,1,1,3
2021-02-03,2021,2021Q1,2021-02,Burkina Faso,Sahel Core,13.89383,-0.66205,4,4,4,3
2021-02-04,2021,2021Q1,2021-02,Burkina Faso,Sahel Core,13.82906,-0.36104,1,1,1,3
2021-02-18,2021,2021Q1,2021-02,Burkina Faso,Sahel Core,14.64016,0.15247,8,8,8,3
2021-02-27,2021,2021Q1,2021-02,Burkina Faso,Sahel Core,14.3666,-0.0535,1,1,1,3
2021-03-09,2021,2021Q1,2021-03,Burkina Faso,Sahel Core,13.9491,-0.5476,1,1,1,3
2021-04-08,2021,2021Q2,2021-04,Burkina Faso,Sahel Core,14.64333,0.03611,2,2,2,3
2021-04-26,2021,2021Q2,2021-04,Burkina Faso,Sahel Core,14.05143,0.35711,10,10,10,3
2021-04-26,2021,2021Q2,2021-04,Burkina Faso,Sahel Core,14.07492,0.3,5,5,5,3
2021-05-04,2021,2021Q2,2021-05,Burkina Faso,Sahel Core,14.98084,-0.1201,4,8,4,3
2021-05-08,2021,2021Q2,2021-05,Burkina Faso,Sahel Core,14.9653,-0.1531,3,20,3,3
2021-05-11,2021,2021Q2,2021-05,Burkina Faso,Sahel Core,14.35902,0.25527,3,3,3,3
2021-05-13,2021,2021Q2,2021-05,Burkina Faso,Sahel Core,14.96622,-0.04973,3,3,3,3
2021-05-18,2021,2021Q2,2021-05,Burkina Faso,Sahel Core,14.9417,-0.1836,15,15,15,3
2021-05-30,2021,2021Q2,2021-05,Burkina Faso,Sahel Core,13.24823,0.95085,2,2,0,3
2021-06-01,2021,2021Q2,2021-06,Burkina Faso,Sahel Core,14.22963,-0.86537,2,2,0,3
2021-06-04,2021,2021Q2,2021-06,Burkina Faso,Sahel Core,14.656283,0.164625,13,13,13,3
2021-07-05,2021,2021Q3,2021-07,Burkina Faso,Sahel Core,14.87721,-0.07428,3,3,3,3
2021-08-04,2021,2021Q3,2021-08,Burkina Faso,Sahel Core,14.64333,0.03611,6,6,6,3
2021-08-04,2021,2021Q3,2021-08,Burkina Faso,Sahel Core,14.58281,0.12672,2,2,2,3
2021-08-04,2021,2021Q3,2021-08,Burkina Faso,Sahel Core,14.64016,0.15247,2,2,2,3
2021-09-03,2021,2021Q3,2021-09,Burkina Faso,Sahel Core,14.22963,-0.86537,1,1,0,3
2021-10-20,2021,2021Q4,2021-10,Burkina Faso,Sahel Core,14.78193,0.01485,3,3,3,3
2021-10-28,2021,2021Q4,2021-10,Burkina Faso,Sahel Core,14.35902,0.25527,1,1,1,3
2021-11-01,2021,2021Q4,2021-11,Burkina Faso,Sahel Core,14.58281,0.12672,10,10,10,3
2021-12-16,2021,2021Q4,2021-12,Burkina Faso,Sahel Core,14.26117,0.06946,3,3,3,3
2022-01-05,2022,2022Q1,2022-01,Burkina Faso,Sahel Core,13.739053,-0.754359,14,14,14,3
2022-03-10,2022,2022Q1,2022-03,Burkina Faso,Sahel Core,14.0084,0.3259,10,14,10,3
2022-03-12,2022,2022Q1,2022-03,Burkina Faso,Sahel Core,14.28621,-0.1195,11,11,11,3
2022-04-26,2022,2022Q2,2022-04,Burkina Faso,Sahel Core,14.64333,0.03611,13,13,0,3
2022-05-19,2022,2022Q2,2022-05,Burkina Faso,Sahel Core,13.97197,0.30956,1,1,1,3
2022-06-11,2022,2022Q2,2022-06,Burkina Faso,Sahel Core,13.97197,0.30956,100,100,100,3
2022-07-17,2022,2022Q3,2022-07,Burkina Faso,Sahel Core,13.467391,0.566132,8,14,8,3
2022-09-06,2022,2022Q3,2022-09,Burkina Faso,Sahel Core,14.34469,0.01324,7,7,7,3
2022-10-04,2022,2022Q4,2022-10,Burkina Faso,Sahel Core,14.34282,-0.41547,5,5,5,3
2022-10-10,2022,2022Q4,2022-10,Burkina Faso,Sahel Core,14.56148,-0.07253,1,1,0,3
2022-10-11,2022,2022Q4,2022-10,Burkina Faso,Sahel Core,14.29565,-0.0328,4,4,0,3
2022-11-21,2022,2022Q4,2022-11,Burkina Faso,Sahel Core,14.64333,0.03611,6,6,0,3
2022-11-25,2022,2022Q4,2022-11,Burkina Faso,Sahel Core,14.36909,0.18398,3,3,0,3
2023-01-11,2023,2023Q1,2023-01,Burkina Faso,Sahel Core,14.34145,0.08791,9,9,9,3
2023-02-18,2023,2023Q1,2023-02,Burkina Faso,Sahel Core,14.4429,-0.23468,3,3,0,3
2023-02-21,2023,2023Q1,2023-02,Burkina Faso,Sahel Core,14.96549,-0.16335,3,3,3,3
2023-03-04,2023,2023Q1,2023-03,Burkina Faso,Sahel Core,14.03279,-0.5195,6,6,0,3
2023-03-16,2023,2023Q1,2023-03,Burkina Faso,Sahel Core,13.97197,0.30956,4,4,4,3
2023-03-23,2023,2023Q1,2023-03,Burkina Faso,Sahel Core,14.56148,-0.07253,12,12,0,3
2023-04-06,2023,2023Q2,2023-04,Burkina Faso,Sahel Core,14.0084,0.3259,13,13,13,3
2023-04-06,2023,2023Q2,2023-04,Burkina Faso,Sahel Core,14.01939,0.28867,31,31,31,3
2023-06-10,2023,2023Q2,2023-06,Burkina Faso,Sahel Core,13.75028,0.21985,2,2,2,3
2023-06-23,2023,2023Q2,2023-06,Burkina Faso,Sahel Core,13.75028,0.21985,3,3,3,3
2023-07-01,2023,2023Q3,2023-07,Burkina Faso,Sahel Core,14.4429,-0.23468,5,5,0,3
2023-07-05,2023,2023Q3,2023-07,Burkina Faso,Sahel Core,13.75028,0.21985,9,9,9,3
2023-08-07,2023,2023Q3,2023-08,Burkina Faso,Sahel Core,14.64333,0.03611,2,2,2,3
2023-09-12,2023,2023Q3,2023-09,Burkina Faso,Sahel Core,14.039051,-0.059772,8,8,0,3
2023-10-14,2023,2023Q4,2023-10,Burkina Faso,Sahel Core,14.22963,-0.86537,1,1,0,3
2023-10-18,2023,2023Q4,2023-10,Burkina Faso,Sahel Core,13.97197,0.30956,9,9,9,3
2023-10-18,2023,2023Q4,2023-10,Burkina Faso,Sahel Core,13.96302,0.269148,4,4,4,3
2023-10-18,2023,2023Q4,2023-10,Burkina Faso,Sahel Core,13.977551,0.236514,3,3,3,3
2023-10-18,2023,2023Q4,2023-10,Burkina Faso,Sahel Core,13.873996,0.256489,4,4,4,3
2023-10-23,2023,2023Q4,2023-10,Burkina Faso,Sahel Core,13.538923,-0.040455,20,50,20,3
2024-02-23,2024,2024Q1,2024-02,Burkina Faso,Sahel Core,12.853482,-0.357652,40,40,40,3
2024-02-25,2024,2024Q1,2024-02,Burkina Faso,Sahel Core,14.37456,0.06327,15,15,15,3
2024-04-02,2024,2024Q2,2024-04,Burkina Faso,Sahel Core,13.69089,0.19647,10,10,10,3
2024-04-02,2024,2024Q2,2024-04,Burkina Faso,Sahel Core,13.69958,0.16695,10,10,10,3
2024-04-06,2024,2024Q2,2024-04,Burkina Faso,Sahel Core,14.14444,0.05266,13,13,13,3
2024-06-04,2024,2024Q2,2024-06,Burkina Faso,Sahel Core,14.36909,0.18398,13,13,13,3
2020-01-03,2020,2020Q1,2020-01,Burkina Faso,Sahel Core,13.31735,-1.07225,2,2,2,3
2020-01-15,2020,2020Q1,2020-01,Burkina Faso,Sahel Core,14.0994,-1.62554,9,9,9,3
2020-03-02,2020,2020Q1,2020-03,Burkina Faso,Sahel Core,13.98484,-1.75393,20,20,20,3
2020-03-09,2020,2020Q1,2020-03,Burkina Faso,Sahel Core,14.46083,-0.55468,10,10,10,3
2020-03-17,2020,2020Q1,2020-03,Burkina Faso,Sahel Core,14.0994,-1.62554,18,18,18,3
2020-03-19,2020,2020Q1,2020-03,Burkina Faso,Sahel Core,14.06637,-1.48171,16,16,16,3
2020-04-01,2020,2020Q2,2020-04,Burkina Faso,Sahel Core,13.58333,-2.41667,3,3,3,3
2020-04-09,2020,2020Q2,2020-04,Burkina Faso,Sahel Core,14.0994,-1.62554,31,31,31,3
2020-04-26,2020,2020Q2,2020-04,Burkina Faso,Sahel Core,13.53722,-1.0294,3,3,3,3
2020-05-03,2020,2020Q2,2020-05,Burkina Faso,Sahel Core,12.01502,0.60921,2,2,2,3
2020-05-03,2020,2020Q2,2020-05,Burkina Faso,Sahel Core,13.47757,-1.2676,9,9,9,3
2020-05-19,2020,2020Q2,2020-05,Burkina Faso,Sahel Core,14.0994,-1.62554,1,1,1,3
2020-06-07,2020,2020Q2,2020-06,Burkina Faso,Sahel Core,12.05,0.78333,2,2,2,3
2020-06-13,2020,2020Q2,2020-06,Burkina Faso,Sahel Core,14.0994,-1.62554,5,5,5,3
2020-06-15,2020,2020Q2,2020-06,Burkina Faso,Sahel Core,11.012329,0.561934,3,3,3,3
2020-06-29,2020,2020Q2,2020-06,Burkina Faso,Sahel Core,12.1,0.78333,7,7,7,3
2020-07-02,2020,2020Q3,2020-07,Burkina Faso,Sahel Core,12.0,1.75,6,6,6,3
2020-09-17,2020,2020Q3,2020-09,Burkina Faso,Sahel Core,12.08333,0.5,3,3,3,3
2020-10-12,2020,2020Q4,2020-10,Burkina Faso,Sahel Core,14.77004,-0.25649,0,9,0,3
2020-11-06,2020,2020Q4,2020-11,Burkina Faso,Sahel Core,14.73942,0.12572,10,10,10,3
2020-11-06,2020,2020Q4,2020-11,Burkina Faso,Sahel Core,14.83784,0.03376,2,1,2,3
2020-11-06,2020,2020Q4,2020-11,Burkina Faso,Sahel Core,14.78193,0.01485,1,2,1,3
2020-12-09,2020,2020Q4,2020-12,Burkina Faso,Sahel Core,12.27256,-1.71704,1,1,1,3
2021-06-02,2021,2021Q2,2021-06,Burkina Faso,Sahel Core,13.33333,-1.36667,2,2,2,3
2021-09-01,2021,2021Q3,2021-09,Burkina Faso,Sahel Core,13.164112,-1.513125,8,8,8,3
2021-09-12,2021,2021Q3,2021-09,Burkina Faso,Sahel Core,10.06667,-4.8,7,7,7,3
2021-11-23,2021,2021Q4,2021-11,Burkina Faso,Sahel Core,10.05,-3.81667,18,18,18,3
2022-02-17,2022,2022Q1,2022-02,Burkina Faso,Sahel Core,12.06667,0.43333,8,8,8,3
2022-03-28,2022,2022Q1,2022-03,Burkina Faso,Sahel Core,12.06157,0.35843,2,2,2,3
2022-11-09,2022,2022Q4,2022-11,Burkina Faso,Sahel Core,14.16756,-1.70317,49,49,49,3
2022-12-30,2022,2022Q4,2022-12,Burkina Faso,Sahel Core,12.72939,-3.86305,88,100,88,3
2023-02-01,2023,2023Q1,2023-02,Burkina Faso,Sahel Core,12.40748,1.34667,12,12,12,3
2023-02-01,2023,2023Q1,2023-02,Burkina Faso,Sahel Core,12.451816,1.364447,6,6,6,3
2023-02-01,2023,2023Q1,2023-02,Burkina Faso,Sahel Core,12.12252,0.866345,7,7,7,3
2023-03-08,2023,2023Q1,2023-03,Burkina Faso,Sahel Core,13.547962,-1.654839,21,21,21,3
2023-03-29,2023,2023Q1,2023-03,Burkina Faso,Sahel Core,13.78333,-0.095,3,3,3,3
2023-04-03,2023,2023Q2,2023-04,Burkina Faso,Sahel Core,13.78333,-0.095,6,6,6,3
2023-04-04,2023,2023Q2,2023-04,Burkina Faso,Sahel Core,14.0354,-0.0345,7,7,7,3
2023-04-20,2023,2023Q2,2023-04,Burkina Faso,Sahel Core,13.778359,-2.318866,0,1,0,3
2023-04-20,2023,2023Q2,2023-04,Burkina Faso,Sahel Core,13.77058,-2.35798,6,6,6,3
2023-04-20,2023,2023Q2,2023-04,Burkina Faso,Sahel Core,13.85552,-2.31766,0,2,0,3
2023-04-20,2023,2023Q2,2023-04,Burkina Faso,Sahel Core,13.74924,-2.3021,3,3,3,3
2023-04-20,2023,2023Q2,2023-04,Burkina Faso,Sahel Core,13.718625,-2.337739,145,147,145,3
2023-06-06,2023,2023Q2,2023-06,Burkina Faso,Sahel Core,11.33945,-0.05692,3,3,3,3
2023-06-10,2023,2023Q2,2023-06,Burkina Faso,Sahel Core,11.41667,0.91667,4,4,4,3
2023-06-15,2023,2023Q2,2023-06,Burkina Faso,Sahel Core,11.17715,-4.2979,1,1,1,3
2023-07-08,2023,2023Q3,2023-07,Burkina Faso,Sahel Core,12.46338,-3.46075,12,12,12,3
2023-11-05,2023,2023Q4,2023-11,Burkina Faso,Sahel Core,12.917039,-0.584176,70,100,70,3
2023-12-08,2023,2023Q4,2023-12,Burkina Faso,Sahel Core,11.861444,-4.614612,30,30,30,3
2023-12-15,2023,2023Q4,2023-12,Burkina Faso,Sahel Core,14.0994,-1.62554,0,34,0,3
2023-12-15,2023,2023Q4,2023-12,Burkina Faso,Sahel Core,14.24504,-1.51073,0,33,0,3
2023-12-15,2023,2023Q4,2023-12,Burkina Faso,Sahel Core,14.329569,-1.436295,0,33,0,3
2023-12-21,2023,2023Q4,2023-12,Burkina Faso,Sahel Core,11.64924,-0.22063,9,9,9,3
2024-02-25,2024,2024Q1,2024-02,Burkina Faso,Sahel Core,13.732907,-2.565575,44,44,44,3
2024-02-25,2024,2024Q1,2024-02,Burkina Faso,Sahel Core,13.747181,-2.610864,179,179,179,3
2024-02-29,2024,2024Q1,2024-02,Burkina Faso,Sahel Core,12.62737,0.403832,18,75,12,3
2024-02-29,2024,2024Q1,2024-02,Burkina Faso,Sahel Core,12.600545,0.353545,18,75,12,3
2024-03-16,2024,2024Q1,2024-03,Burkina Faso,Sahel Core,11.157371,0.839662,44,43,0,3
2024-03-16,2024,2024Q1,2024-03,Burkina Faso,Sahel Core,11.18111,0.83,43,44,0,3
2024-03-16,2024,2024Q1,2024-03,Burkina Faso,Sahel Core,11.13999,0.81348,43,43,0,3
2024-04-23,2024,2024Q2,2024-04,Burkina Faso,Sahel Core,13.438799,-1.96435,5,5,5,3
2024-04-27,2024,2024Q2,2024-04,Burkina Faso,Sahel Core,13.790067,0.301155,30,30,30,3
2024-05-03,2024,2024Q2,2024-05,Burkina Faso,Sahel Core,12.91667,0.73333,60,60,60,3
2024-05-04,2024,2024Q2,2024-05,Burkina Faso,Sahel Core,13.207777,0.546388,3,3,3,3
2024-05-04,2024,2024Q2,2024-05,Burkina Faso,Sahel Core,13.185692,0.538341,3,3,3,3
2024-05-04,2024,2024Q2,2024-05,Burkina Faso,Sahel Core,13.185468,0.599426,3,3,3,3
2024-05-05,2024,2024Q2,2024-05,Burkina Faso,Sahel Core,12.91667,0.73333,40,40,40,3
2024-05-07,2024,2024Q2,2024-05,Burkina Faso,Sahel Core,12.751595,0.074122,1,1,1,3
2024-05-08,2024,2024Q2,2024-05,Burkina Faso,Sahel Core,13.530715,0.38686,84,84,84,3
2024-05-08,2024,2024Q2,2024-05,Burkina Faso,Sahel Core,13.530715,0.38686,79,79,79,3
2020-01-03,2020,2020Q1,2020-01,Burkina Faso,Sahel Core,14.33575,-1.32697,11,11,11,1
2020-01-07,2020,2020Q1,2020-01,Burkina Faso,Sahel Core,13.16417,-0.8225,1,1,0,1
2020-01-17,2020,2020Q1,2020-01,Burkina Faso,Sahel Core,14.24279,-0.99438,6,6,0,1
2020-02-05,2020,2020Q1,2020-02,Burkina Faso,Sahel Core,14.22963,-0.86537,1,1,1,1
2020-02-08,2020,2020Q1,2020-02,Burkina Faso,Sahel Core,14.33575,-1.32697,2,2,2,1
2020-02-10,2020,2020Q1,2020-02,Burkina Faso,Sahel Core,12.05,0.78333,0,11,0,1
2020-02-22,2020,2020Q1,2020-02,Burkina Faso,Sahel Core,13.382382,0.453521,1,1,0,1
2020-02-24,2020,2020Q1,2020-02,Burkina Faso,Sahel Core,13.16417,-0.8225,4,4,4,1
2020-02-26,2020,2020Q1,2020-02,Burkina Faso,Sahel Core,14.96549,-0.16335,1,1,1,1
2020-02-29,2020,2020Q1,2020-02,Burkina Faso,Sahel Core,13.43641,0.53044,9,10,9,1
2020-03-02,2020,2020Q1,2020-03,Burkina Faso,Sahel Core,14.66667,-0.33333,3,3,3,1
2020-03-05,2020,2020Q1,2020-03,Burkina Faso,Sahel Core,14.34282,-0.41547,2,6,2,1
2020-03-06,2020,2020Q1,2020-03,Burkina Faso,Sahel Core,13.83173,-1.60816,3,3,3,1
2020-03-14,2020,2020Q1,2020-03,Burkina Faso,Sahel Core,13.83173,-1.60816,2,2,2,1
2020-03-17,2020,2020Q1,2020-03,Burkina Faso,Sahel Core,14.74437,-0.64919,3,3,3,1
2020-03-26,2020,2020Q1,2020-03,Burkina Faso,Sahel Core,13.71873,-1.18186,7,7,0,1
2020-04-11,2020,2020Q2,2020-04,Burkina Faso,Sahel Core,14.77004,-0.25649,16,16,16,1
2020-04-15,2020,2020Q2,2020-04,Burkina Faso,Sahel Core,13.25353,0.98531,1,1,0,1
2020-04-27,2020,2020Q2,2020-04,Burkina Faso,Sahel Core,14.66667,-0.33333,0,1,0,1
2020-05-04,2020,2020Q2,2020-05,Burkina Faso,Sahel Core,14.4429,-0.23468,0,1,0,1
2020-05-11,2020,2020Q2,2020-05,Burkina Faso,Sahel Core,13.689232,0.595744,28,28,28,1
2020-05-23,2020,2020Q2,2020-05,Burkina Faso,Sahel Core,14.00508,-0.95813,13,13,0,1
2020-06-12,2020,2020Q2,2020-06,Burkina Faso,Sahel Core,14.22963,-0.86537,1,1,1,1
2020-07-18,2020,2020Q3,2020-07,Burkina Faso,Sahel Core,12.05,0.78333,0,2,0,1
2020-11-08,2020,2020Q4,2020-11,Burkina Faso,Sahel Core,14.15445,-0.05549,1,1,1,1
2020-11-11,2020,2020Q4,2020-11,Burkina Faso,Sahel Core,14.96549,-0.16335,23,23,23,1
2020-11-24,2020,2020Q4,2020-11,Burkina Faso,Sahel Core,13.954079,-0.753475,5,5,5,1
2020-11-29,2020,2020Q4,2020-11,Burkina Faso,Sahel Core,14.32356,-0.3273,1,1,1,1
2021-01-04,2021,2021Q1,2021-01,Burkina Faso,Sahel Core,14.46083,-0.55468,10,10,10,1
2021-01-17,2021,2021Q1,2021-01,Burkina Faso,Sahel Core,14.66667,-0.33333,0,1,0,1
2021-02-10,2021,2021Q1,2021-02,Burkina Faso,Sahel Core,13.25,-1.08333,2,2,2,1
2021-02-23,2021,2021Q1,2021-02,Burkina Faso,Sahel Core,14.34282,-0.41547,3,3,3,1
2021-02-23,2021,2021Q1,2021-02,Burkina Faso,Sahel Core,14.37172,-0.33354,3,3,2,1
2021-02-23,2021,2021Q1,2021-02,Burkina Faso,Sahel Core,14.33146,-0.46351,3,2,3,1
2021-02-23,2021,2021Q1,2021-02,Burkina Faso,Sahel Core,14.66667,-0.33333,2,3,3,1
2021-03-01,2021,2021Q1,2021-03,Burkina Faso,Sahel Core,13.88702,-0.62366,3,3,3,1
2021-03-05,2021,2021Q1,2021-03,Burkina Faso,Sahel Core,14.85492,0.15083,0,1,0,1
2021-03-10,2021,2021Q1,2021-03,Burkina Faso,Sahel Core,14.48636,-0.03841,3,3,3,1
2021-03-20,2021,2021Q1,2021-03,Burkina Faso,Sahel Core,13.97523,-0.63819,7,7,7,1
2021-04-14,2021,2021Q2,2021-04,Burkina Faso,Sahel Core,14.01676,-0.49877,8,10,8,1
2021-05-18,2021,2021Q2,2021-05,Burkina Faso,Sahel Core,14.77004,-0.25649,15,15,15,1
2021-05-28,2021,2021Q2,2021-05,Burkina Faso,Sahel Core,14.34282,-0.41547,5,5,5,1
2021-06-04,2021,2021Q2,2021-06,Burkina Faso,Sahel Core,14.656283,0.164625,1,1,1,1
2021-06-10,2021,2021Q2,2021-06,Burkina Faso,Sahel Core,14.17067,-1.00126,12,12,0,1
2021-07-05,2021,2021Q3,2021-07,Burkina Faso,Sahel Core,14.22963,-0.86537,3,3,0,1
2021-07-31,2021,2021Q3,2021-07,Burkina Faso,Sahel Core,14.98752,-0.37602,0,1,0,1
2021-08-04,2021,2021Q3,2021-08,Burkina Faso,Sahel Core,14.64333,0.03611,32,32,32,1
2021-08-08,2021,2021Q3,2021-08,Burkina Faso,Sahel Core,14.22963,-0.86537,3,3,0,1
2021-09-19,2021,2021Q3,2021-09,Burkina Faso,Sahel Core,14.772349,-0.104551,0,1,0,1
2021-11-12,2021,2021Q4,2021-11,Burkina Faso,Sahel Core,14.26117,0.06946,7,7,7,1
2021-12-16,2021,2021Q4,2021-12,Burkina Faso,Sahel Core,14.0323,0.22534,2,2,2,1
2021-12-17,2021,2021Q4,2021-12,Burkina Faso,Sahel Core,14.068016,-0.045801,2,2,2,1
2021-12-21,2021,2021Q4,2021-12,Burkina Faso,Sahel Core,14.58585,-0.13761,11,11,11,1
2021-12-30,2021,2021Q4,2021-12,Burkina Faso,Sahel Core,14.05143,0.35711,20,20,20,1
2022-01-11,2022,2022Q1,2022-01,Burkina Faso,Sahel Core,14.64333,0.03611,7,7,0,1
2022-01-11,2022,2022Q1,2022-01,Burkina Faso,Sahel Core,14.66667,-0.33333,1,1,0,1
2022-01-13,2022,2022Q1,2022-01,Burkina Faso,Sahel Core,14.4429,-0.23468,4,4,0,1
2022-01-16,2022,2022Q1,2022-01,Burkina Faso,Sahel Core,13.75028,0.21985,1,1,1,1
2022-01-22,2022,2022Q1,2022-01,Burkina Faso,Sahel Core,14.05143,0.35711,2,2,2,1
2022-02-22,2022,2022Q1,2022-02,Burkina Faso,Sahel Core,14.19365,-0.37151,0,1,0,1
2022-03-28,2022,2022Q1,2022-03,Burkina Faso,Sahel Core,14.67553,-0.46033,0,1,0,1
2022-04-11,2022,2022Q2,2022-04,Burkina Faso,Sahel Core,14.77004,-0.25649,16,16,0,1
2022-04-11,2022,2022Q2,2022-04,Burkina Faso,Sahel Core,14.68675,-0.35011,16,16,0,1
2022-04-11,2022,2022Q2,2022-04,Burkina Faso,Sahel Core,14.69157,-0.24775,16,16,0,1
2022-05-14,2022,2022Q2,2022-05,Burkina Faso,Sahel Core,14.56148,-0.07253,6,6,6,1
2022-05-14,2022,2022Q2,2022-05,Burkina Faso,Sahel Core,14.29503,0.03766,20,20,20,1
2022-05-22,2022,2022Q2,2022-05,Burkina Faso,Sahel Core,13.87081,-0.48843,13,20,13,1
2022-05-22,2022,2022Q2,2022-05,Burkina Faso,Sahel Core,13.90408,-0.50802,12,20,12,1
2022-06-09,2022,2022Q2,2022-06,Burkina Faso,Sahel Core,13.964,0.012,40,40,40,1
2022-06-09,2022,2022Q2,2022-06,Burkina Faso,Sahel Core,13.97197,0.30956,9,11,9,1
2022-06-12,2022,2022Q2,2022-06,Burkina Faso,Sahel Core,14.075713,-0.137575,4,4,4,1
2022-06-29,2022,2022Q2,2022-06,Burkina Faso,Sahel Core,14.96549,-0.16335,3,3,3,1
2022-07-02,2022,2022Q3,2022-07,Burkina Faso,Sahel Core,13.43641,0.53044,1,1,1,1
2022-07-08,2022,2022Q3,2022-07,Burkina Faso,Sahel Core,13.43641,0.53044,22,22,22,1
2022-07-15,2022,2022Q3,2022-07,Burkina Faso,Sahel Core,13.88702,-0.62366,2,2,2,1
2022-07-17,2022,2022Q3,2022-07,Burkina Faso,Sahel Core,13.467391,0.566132,11,11,11,1
2022-07-27,2022,2022Q3,2022-07,Burkina Faso,Sahel Core,13.77274,0.43235,6,6,0,1
2022-07-28,2022,2022Q3,2022-07,Burkina Faso,Sahel Core,14.64333,0.03611,3,3,0,1
2022-07-29,2022,2022Q3,2022-07,Burkina Faso,Sahel Core,13.43641,0.53044,5,5,5,1
2022-08-12,2022,2022Q3,2022-08,Burkina Faso,Sahel Core,13.58517,0.43065,2,2,2,1
2022-08-28,2022,2022Q3,2022-08,Burkina Faso,Sahel Core,13.43641,0.53044,19,19,0,1
2022-09-14,2022,2022Q3,2022-09,Burkina Faso,Sahel Core,14.70981,-0.56517,10,10,0,1
2022-09-14,2022,2022Q3,2022-09,Burkina Faso,Sahel Core,14.67553,-0.46033,49,49,49,1
2022-10-10,2022,2022Q4,2022-10,Burkina Faso,Sahel Core,14.56148,-0.07253,2,2,0,1
2022-10-18,2022,2022Q4,2022-10,Burkina Faso,Sahel Core,14.22963,-0.86537,2,2,0,1
2022-11-13,2022,2022Q4,2022-11,Burkina Faso,Sahel Core,13.43641,0.53044,1,1,1,1
2022-11-13,2022,2022Q4,2022-11,Burkina Faso,Sahel Core,13.382382,0.453521,2,2,2,1
2022-12-17,2022,2022Q4,2022-12,Burkina Faso,Sahel Core,13.88702,-0.62366,2,2,2,1
2023-01-01,2023,2023Q1,2023-01,Burkina Faso,Sahel Core,13.32267,0.51356,9,9,9,1
2023-01-01,2023,2023Q1,2023-01,Burkina Faso,Sahel Core,13.34131,0.59011,8,8,8,1
2023-01-01,2023,2023Q1,2023-01,Burkina Faso,Sahel Core,13.40918,0.569,8,8,8,1
2023-01-11,2023,2023Q1,2023-01,Burkina Faso,Sahel Core,13.42945,0.60685,3,4,3,1
2023-01-11,2023,2023Q1,2023-01,Burkina Faso,Sahel Core,13.50685,0.62479,3,3,4,1
2023-01-11,2023,2023Q1,2023-01,Burkina Faso,Sahel Core,14.36909,0.18398,4,4,0,1
2023-01-11,2023,2023Q1,2023-01,Burkina Faso,Sahel Core,13.4702,0.59993,4,3,3,1
2023-01-11,2023,2023Q1,2023-01,Burkina Faso,Sahel Core,14.36384,-0.02992,1,1,0,1
2023-01-13,2023,2023Q1,2023-01,Burkina Faso,Sahel Core,14.22963,-0.86537,2,2,0,1
2023-01-30,2023,2023Q1,2023-01,Burkina Faso,Sahel Core,14.36909,0.18398,28,41,28,1
2023-02-09,2023,2023Q1,2023-02,Burkina Faso,Sahel Core,14.08764,-0.56342,1,1,0,1
2023-02-17,2023,2023Q1,2023-02,Burkina Faso,Sahel Core,14.68329,-0.57321,54,80,51,1
2023-02-20,2023,2023Q1,2023-02,Burkina Faso,Sahel Core,14.96549,-0.16335,21,78,21,1
2023-03-08,2023,2023Q1,2023-03,Burkina Faso,Sahel Core,14.36384,-0.02992,6,6,0,1
2023-03-08,2023,2023Q1,2023-03,Burkina Faso,Sahel Core,14.51426,0.07144,40,40,0,1
2023-03-09,2023,2023Q1,2023-03,Burkina Faso,Sahel Core,14.3666,-0.0535,14,16,0,1
2023-03-09,2023,2023Q1,2023-03,Burkina Faso,Sahel Core,14.28621,-0.1195,30,30,0,1
2023-03-16,2023,2023Q1,2023-03,Burkina Faso,Sahel Core,14.36909,0.18398,3,3,0,1
2023-03-17,2023,2023Q1,2023-03,Burkina Faso,Sahel Core,13.959001,-0.072449,3,3,3,1
2023-04-03,2023,2023Q2,2023-04,Burkina Faso,Sahel Core,14.0354,-0.0345,1,1,0,1
2023-04-06,2023,2023Q2,2023-04,Burkina Faso,Sahel Core,13.97197,0.30956,2,2,2,1
2023-05-02,2023,2023Q2,2023-05,Burkina Faso,Sahel Core,14.22963,-0.86537,0,2,0,1
2023-05-13,2023,2023Q2,2023-05,Burkina Faso,Sahel Core,13.964,0.012,2,2,0,1
2023-05-16,2023,2023Q2,2023-05,Burkina Faso,Sahel Core,14.29503,0.03766,20,20,20,1
2023-05-16,2023,2023Q2,2023-05,Burkina Faso,Sahel Core,14.64333,0.03611,6,6,6,1
2023-05-24,2023,2023Q2,2023-05,Burkina Faso,Sahel Core,14.22963,-0.86537,2,2,0,1
2023-07-05,2023,2023Q3,2023-07,Burkina Faso,Sahel Core,13.97197,0.30956,3,3,3,1
2023-07-05,2023,2023Q3,2023-07,Burkina Faso,Sahel Core,13.8524,-1.165109,3,3,0,1
2023-07-08,2023,2023Q3,2023-07,Burkina Faso,Sahel Core,14.07492,0.3,30,30,30,1
2023-07-13,2023,2023Q3,2023-07,Burkina Faso,Sahel Core,13.88902,-1.157469,3,3,0,1
2023-07-27,2023,2023Q3,2023-07,Burkina Faso,Sahel Core,13.90094,0.40962,13,13,13,1
2023-07-30,2023,2023Q3,2023-07,Burkina Faso,Sahel Core,13.382382,0.453521,20,21,20,1
2023-08-30,2023,2023Q3,2023-08,Burkina Faso,Sahel Core,14.48837,-0.17273,13,13,0,1
2023-08-30,2023,2023Q3,2023-08,Burkina Faso,Sahel Core,14.67553,-0.46033,24,24,0,1
2023-09-01,2023,2023Q3,2023-09,Burkina Faso,Sahel Core,14.58115,-0.3698,10,10,0,1
2023-09-15,2023,2023Q3,2023-09,Burkina Faso,Sahel Core,13.8524,-1.165109,5,5,0,1
2023-09-28,2023,2023Q3,2023-09,Burkina Faso,Sahel Core,13.954079,-0.753475,15,15,0,1
2023-10-01,2023,2023Q4,2023-10,Burkina Faso,Sahel Core,13.8524,-1.165109,2,2,0,1
2023-10-01,2023,2023Q4,2023-10,Burkina Faso,Sahel Core,14.00405,-1.0995,15,20,0,1
2023-10-05,2023,2023Q4,2023-10,Burkina Faso,Sahel Core,13.97197,0.30956,4,4,4,1
2023-10-22,2023,2023Q4,2023-10,Burkina Faso,Sahel Core,14.701448,0.092945,10,10,0,1
2023-10-26,2023,2023Q4,2023-10,Burkina Faso,Sahel Core,14.077242,-0.202911,10,10,10,1
2023-10-29,2023,2023Q4,2023-10,Burkina Faso,Sahel Core,14.182877,-0.213765,20,20,20,1
2023-11-06,2023,2023Q4,2023-11,Burkina Faso,Sahel Core,13.8524,-1.165109,0,1,0,1
2023-11-06,2023,2023Q4,2023-11,Burkina Faso,Sahel Core,13.8524,-1.165109,3,3,0,1
2023-11-09,2023,2023Q4,2023-11,Burkina Faso,Sahel Core,13.964,0.012,8,8,0,1
2023-11-18,2023,2023Q4,2023-11,Burkina Faso,Sahel Core,14.51248,-0.99094,12,12,12,1
2023-11-18,2023,2023Q4,2023-11,Burkina Faso,Sahel Core,14.73942,0.12572,2,2,0,1
2023-11-20,2023,2023Q4,2023-11,Burkina Faso,Sahel Core,13.15996,0.63743,4,4,4,1
2024-01-21,2024,2024Q1,2024-01,Burkina Faso,Sahel Core,14.85492,0.15083,5,5,5,1
2024-01-22,2024,2024Q1,2024-01,Burkina Faso,Sahel Core,14.36909,0.18398,3,3,0,1
2024-02-03,2024,2024Q1,2024-02,Burkina Faso,Sahel Core,14.36909,0.18398,2,2,0,1
2024-03-08,2024,2024Q1,2024-03,Burkina Faso,Sahel Core,14.18736,-0.238918,10,10,10,1
2024-03-26,2024,2024Q1,2024-03,Burkina Faso,Sahel Core,13.8524,-1.165109,0,1,0,1
2024-05-26,2024,2024Q2,2024-05,Burkina Faso,Sahel Core,13.61033,-0.64947,3,3,0,1
2024-06-11,2024,2024Q2,2024-06,Burkina Faso,Sahel Core,14.291465,0.231453,9,9,9,1
2024-07-16,2024,2024Q3,2024-07,Burkina Faso,Sahel Core,14.36384,-0.02992,6,6,6,1
2024-10-10,2024,2024Q4,2024-10,Burkina Faso,Sahel Core,14.64333,0.03611,0,1,0,1
2024-11-05,2024,2024Q4,2024-11,Burkina Faso,Sahel Core,13.88702,-0.62366,0,1,0,1
2024-11-25,2024,2024Q4,2024-11,Burkina Faso,Sahel Core,14.58281,0.12672,15,15,15,1
2024-12-29,2024,2024Q4,2024-12,Burkina Faso,Sahel Core,14.76186,-0.94235,2,2,0,1
2020-01-11,2020,2020Q1,2020-01,Burkina Faso,Sahel Core,14.122238,-2.114403,9,9,9,3
2020-01-27,2020,2020Q1,2020-01,Burkina Faso,Sahel Core,13.8524,-1.165109,1,1,0,3
2020-02-05,2020,2020Q1,2020-02,Burkina Faso,Sahel Core,13.69995,-1.41005,3,3,0,3
2020-03-28,2020,2020Q1,2020-03,Burkina Faso,Sahel Core,13.408785,-1.59068,5,5,0,3
2020-03-28,2020,2020Q1,2020-03,Burkina Faso,Sahel Core,13.56764,-1.52108,5,5,0,3
2020-03-28,2020,2020Q1,2020-03,Burkina Faso,Sahel Core,13.56842,-1.50345,5,5,0,3
2020-08-11,2020,2020Q3,2020-08,Burkina Faso,Sahel Core,14.0994,-1.62554,1,1,0,3
2020-09-18,2020,2020Q3,2020-09,Burkina Faso,Sahel Core,13.1375,-3.854,1,1,0,3
2020-10-02,2020,2020Q4,2020-10,Burkina Faso,Sahel Core,12.91667,-3.83333,3,3,0,3
2020-11-08,2020,2020Q4,2020-11,Burkina Faso,Sahel Core,13.25,-0.5,0,4,0,3
2021-01-02,2021,2021Q1,2021-01,Burkina Faso,Sahel Core,13.77274,0.43235,10,10,0,3
2021-01-04,2021,2021Q1,2021-01,Burkina Faso,Sahel Core,13.8478,-2.41718,0,4,0,3
2021-01-19,2021,2021Q1,2021-01,Burkina Faso,Sahel Core,10.63333,-4.76667,1,1,1,3
2021-03-07,2021,2021Q1,2021-03,Burkina Faso,Sahel Core,11.16667,0.63333,1,1,1,3
2021-03-27,2021,2021Q1,2021-03,Burkina Faso,Sahel Core,12.05,0.78333,3,3,3,3
2021-04-11,2021,2021Q2,2021-04,Burkina Faso,Sahel Core,13.1065,0.59223,2,2,2,3
2021-04-26,2021,2021Q2,2021-04,Burkina Faso,Sahel Core,11.5743,0.53,3,3,3,3
2021-05-03,2021,2021Q2,2021-05,Burkina Faso,Sahel Core,12.80057,1.16766,23,28,23,3
2021-05-26,2021,2021Q2,2021-05,Burkina Faso,Sahel Core,12.03333,0.73333,1,1,1,3
2021-06-05,2021,2021Q2,2021-06,Burkina Faso,Sahel Core,13.382382,0.453521,160,160,160,3
2021-06-06,2021,2021Q2,2021-06,Burkina Faso,Sahel Core,12.987846,0.953918,2,2,2,3
2021-07-20,2021,2021Q3,2021-07,Burkina Faso,Sahel Core,13.24574,-0.88933,1,1,0,3
2021-09-15,2021,2021Q3,2021-09,Burkina Faso,Sahel Core,11.1825,-0.63222,1,1,1,3
2021-09-17,2021,2021Q3,2021-09,Burkina Faso,Sahel Core,9.91683,-4.27494,6,6,6,3
2022-01-15,2022,2022Q1,2022-01,Burkina Faso,Sahel Core,13.83173,-1.60816,9,9,9,3
2022-03-06,2022,2022Q1,2022-03,Burkina Faso,Sahel Core,13.25,-1.08333,0,8,0,3
2022-05-25,2022,2022Q2,2022-05,Burkina Faso,Sahel Core,11.284841,1.016307,50,50,50,3
2022-06-11,2022,2022Q2,2022-06,Burkina Faso,Sahel Core,13.60888,-1.54687,6,6,6,3
2022-06-18,2022,2022Q2,2022-06,Burkina Faso,Sahel Core,13.322928,-1.368838,13,13,13,3
2022-06-27,2022,2022Q2,2022-06,Burkina Faso,Sahel Core,11.21667,0.38333,8,8,8,3
2022-07-01,2022,2022Q3,2022-07,Burkina Faso,Sahel Core,10.216666,-4.316946,5,5,5,3
2022-07-03,2022,2022Q3,2022-07,Burkina Faso,Sahel Core,12.63333,-3.71667,22,22,22,3
2022-07-10,2022,2022Q3,2022-07,Burkina Faso,Sahel Core,13.41389,-1.05583,5,5,5,3
2022-07-22,2022,2022Q3,2022-07,Burkina Faso,Sahel Core,11.41667,0.16667,15,15,15,3
2022-07-27,2022,2022Q3,2022-07,Burkina Faso,Sahel Core,13.09167,-1.08444,4,4,4,3
2022-08-26,2022,2022Q3,2022-08,Burkina Faso,Sahel Core,11.96667,1.56667,6,8,6,3
2022-09-21,2022,2022Q3,2022-09,Burkina Faso,Sahel Core,13.43013,-1.48683,6,14,6,3
2022-12-04,2022,2022Q4,2022-12,Burkina Faso,Sahel Core,11.25806,-0.30611,6,6,6,3
2022-12-05,2022,2022Q4,2022-12,Burkina Faso,Sahel Core,14.03565,-0.36824,4,5,4,3
2022-12-06,2022,2022Q4,2022-12,Burkina Faso,Sahel Core,13.45,-1.55,5,7,5,3
2023-01-02,2023,2023Q1,2023-01,Burkina Faso,Sahel Core,13.0725,-3.0694,2,2,2,3
2023-01-02,2023,2023Q1,2023-01,Burkina Faso,Sahel Core,12.7114,-3.20362,1,1,1,3
2023-01-03,2023,2023Q1,2023-01,Burkina Faso,Sahel Core,12.99057,-3.11239,5,5,5,3
2023-01-05,2023,2023Q1,2023-01,Burkina Faso,Sahel Core,11.8,-1.98333,2,2,2,3
2023-01-10,2023,2023Q1,2023-01,Burkina Faso,Sahel Core,13.41039,-2.45123,4,4,4,3
2023-01-19,2023,2023Q1,2023-01,Burkina Faso,Sahel Core,12.40877,-3.81108,8,12,8,3
2023-01-26,2023,2023Q1,2023-01,Burkina Faso,Sahel Core,12.423443,-2.731288,1,1,1,3
2023-01-26,2023,2023Q1,2023-01,Burkina Faso,Sahel Core,12.411,-2.737398,12,12,12,3
2023-01-26,2023,2023Q1,2023-01,Burkina Faso,Sahel Core,13.35653,-1.058613,3,3,3,3
2023-01-28,2023,2023Q1,2023-01,Burkina Faso,Sahel Core,11.69044,-0.12237,4,4,4,3
2023-01-29,2023,2023Q1,2023-01,Burkina Faso,Sahel Core,10.15,-4.4,15,16,15,3
2023-02-04,2023,2023Q1,2023-02,Burkina Faso,Sahel Core,13.72139,-0.17222,22,22,22,3
2023-02-06,2023,2023Q1,2023-02,Burkina Faso,Sahel Core,12.45033,-2.6875,2,6,2,3
2023-02-08,2023,2023Q1,2023-02,Burkina Faso,Sahel Core,12.99057,-3.11239,2,2,2,3
2023-02-09,2023,2023Q1,2023-02,Burkina Faso,Sahel Core,13.3205,-3.9488,12,13,12,3
2023-02-12,2023,2023Q1,2023-02,Burkina Faso,Sahel Core,11.2125,0.00528,12,12,12,3
2023-02-22,2023,2023Q1,2023-02,Burkina Faso,Sahel Core,13.72139,-0.17222,17,17,17,3
2023-02-26,2023,2023Q1,2023-02,Burkina Faso,Sahel Core,11.933333,1.616667,60,70,60,3
2023-02-28,2023,2023Q1,2023-02,Burkina Faso,Sahel Core,11.30291,0.12178,20,20,20,3
2023-03-02,2023,2023Q1,2023-03,Burkina Faso,Sahel Core,13.66976,-2.33739,14,14,12,3
2023-03-04,2023,2023Q1,2023-03,Burkina Faso,Sahel Core,13.72139,-0.17222,10,10,10,3
2023-03-07,2023,2023Q1,2023-03,Burkina Faso,Sahel Core,12.05932,-4.07807,5,5,5,3
2023-03-13,2023,2023Q1,2023-03,Burkina Faso,Sahel Core,11.54472,-0.28833,7,12,7,3
2023-03-13,2023,2023Q1,2023-03,Burkina Faso,Sahel Core,13.784004,-2.142249,7,16,7,3
2023-03-13,2023,2023Q1,2023-03,Burkina Faso,Sahel Core,13.31639,-0.5225,2,2,2,3
2023-03-18,2023,2023Q1,2023-03,Burkina Faso,Sahel Core,13.36259,-2.39254,1,1,1,3
2023-03-18,2023,2023Q1,2023-03,Burkina Faso,Sahel Core,11.25806,-0.30611,2,2,2,3
2023-03-19,2023,2023Q1,2023-03,Burkina Faso,Sahel Core,11.21447,0.24173,1,1,1,3
2023-03-20,2023,2023Q1,2023-03,Burkina Faso,Sahel Core,11.21447,0.24173,5,5,5,3
2023-03-28,2023,2023Q1,2023-03,Burkina Faso,Sahel Core,11.41667,0.16667,6,6,6,3
2023-04-03,2023,2023Q2,2023-04,Burkina Faso,Sahel Core,13.03859,-1.2377,3,3,3,3
2023-04-10,2023,2023Q2,2023-04,Burkina Faso,Sahel Core,13.31928,-1.93636,2,2,2,3
2023-04-18,2023,2023Q2,2023-04,Burkina Faso,Sahel Core,12.85217,-0.37471,6,6,6,3
2023-04-23,2023,2023Q2,2023-04,Burkina Faso,Sahel Core,12.6833,-0.45,3,3,3,3
2023-04-23,2023,2023Q2,2023-04,Burkina Faso,Sahel Core,12.0,1.75,7,7,7,3
2023-05-01,2023,2023Q2,2023-05,Burkina Faso,Sahel Core,13.03859,-1.2377,3,3,3,3
2023-05-11,2023,2023Q2,2023-05,Burkina Faso,Sahel Core,12.28333,-2.9,33,33,33,3
2023-05-14,2023,2023Q2,2023-05,Burkina Faso,Sahel Core,12.86083,-3.88913,13,13,13,3
2023-05-15,2023,2023Q2,2023-05,Burkina Faso,Sahel Core,13.2532,-1.63479,1,1,1,3
2023-05-15,2023,2023Q2,2023-05,Burkina Faso,Sahel Core,12.093583,-2.712442,2,2,2,3
2023-05-18,2023,2023Q2,2023-05,Burkina Faso,Sahel Core,13.48858,-2.17542,6,5,5,3
2023-05-18,2023,2023Q2,2023-05,Burkina Faso,Sahel Core,13.47149,-2.16188,5,6,5,3
2023-05-18,2023,2023Q2,2023-05,Burkina Faso,Sahel Core,13.44707,-2.16099,5,5,6,3
2023-05-19,2023,2023Q2,2023-05,Burkina Faso,Sahel Core,12.214346,-4.098748,0,14,0,3
2023-05-19,2023,2023Q2,2023-05,Burkina Faso,Sahel Core,13.1011,-4.13209,12,12,12,3
2023-05-21,2023,2023Q2,2023-05,Burkina Faso,Sahel Core,11.082188,0.723855,15,15,15,3
2023-05-25,2023,2023Q2,2023-05,Burkina Faso,Sahel Core,11.56982,-4.02736,3,3,3,3
2023-05-26,2023,2023Q2,2023-05,Burkina Faso,Sahel Core,11.41667,0.16667,7,7,7,3
2023-05-28,2023,2023Q2,2023-05,Burkina Faso,Sahel Core,11.87255,-3.63431,30,30,20,3
2023-05-30,2023,2023Q2,2023-05,Burkina Faso,Sahel Core,11.26917,0.58944,8,8,8,3
2023-05-31,2023,2023Q2,2023-05,Burkina Faso,Sahel Core,11.68333,-3.7,1,1,1,3
2023-06-03,2023,2023Q2,2023-06,Burkina Faso,Sahel Core,13.32583,-1.53472,2,2,2,3
2023-06-04,2023,2023Q2,2023-06,Burkina Faso,Sahel Core,12.073787,1.790043,1,1,1,3
2023-06-05,2023,2023Q2,2023-06,Burkina Faso,Sahel Core,12.78333,-3.75,3,3,3,3
2023-06-05,2023,2023Q2,2023-06,Burkina Faso,Sahel Core,12.72939,-3.86305,1,1,1,3
2023-06-06,2023,2023Q2,2023-06,Burkina Faso,Sahel Core,13.03304,-0.43804,5,5,5,3
2023-06-06,2023,2023Q2,2023-06,Burkina Faso,Sahel Core,13.25,-0.5,0,1,0,3
2023-06-09,2023,2023Q2,2023-06,Burkina Faso,Sahel Core,12.656597,-3.916059,12,12,12,3
2023-06-09,2023,2023Q2,2023-06,Burkina Faso,Sahel Core,12.961328,2.638177,4,4,4,3
2023-06-10,2023,2023Q2,2023-06,Burkina Faso,Sahel Core,12.523802,-2.874364,4,4,4,3
2023-06-13,2023,2023Q2,2023-06,Burkina Faso,Sahel Core,13.302226,-1.576228,9,9,9,3
2023-06-16,2023,2023Q2,2023-06,Burkina Faso,Sahel Core,12.951273,-2.33957,1,1,1,3
2023-06-16,2023,2023Q2,2023-06,Burkina Faso,Sahel Core,11.710659,-3.829422,11,11,11,3
2023-06-17,2023,2023Q2,2023-06,Burkina Faso,Sahel Core,13.375564,-1.246456,5,5,5,3
2023-06-18,2023,2023Q2,2023-06,Burkina Faso,Sahel Core,13.63512,-2.42566,2,2,2,3
2023-06-18,2023,2023Q2,2023-06,Burkina Faso,Sahel Core,11.30515,0.11417,5,5,5,3
2023-06-18,2023,2023Q2,2023-06,Burkina Faso,Sahel Core,12.987211,-1.345482,10,11,10,3
2023-06-24,2023,2023Q2,2023-06,Burkina Faso,Sahel Core,12.983954,-2.455555,7,7,7,3
2023-06-24,2023,2023Q2,2023-06,Burkina Faso,Sahel Core,12.29745,0.33864,3,3,3,3
2023-07-01,2023,2023Q3,2023-07,Burkina Faso,Sahel Core,11.933333,1.616667,11,11,11,3
2023-07-04,2023,2023Q3,2023-07,Burkina Faso,Sahel Core,11.88405,-4.519549,1,1,1,3
2023-07-05,2023,2023Q3,2023-07,Burkina Faso,Sahel Core,13.090732,-0.173331,12,15,12,3
2023-07-07,2023,2023Q3,2023-07,Burkina Faso,Sahel Core,11.636371,-3.89075,3,3,3,3
2023-07-18,2023,2023Q3,2023-07,Burkina Faso,Sahel Core,12.9704,-0.14953,3,3,3,3
2023-07-21,2023,2023Q3,2023-07,Burkina Faso,Sahel Core,13.44244,-2.49931,12,12,12,3
2023-07-23,2023,2023Q3,2023-07,Burkina Faso,Sahel Core,12.930989,-2.645182,2,2,2,3
2023-07-28,2023,2023Q3,2023-07,Burkina Faso,Sahel Core,11.76045,-4.16376,2,2,2,3
2023-08-02,2023,2023Q3,2023-08,Burkina Faso,Sahel Core,12.212589,-2.924853,1,1,1,3
2023-08-04,2023,2023Q3,2023-08,Burkina Faso,Sahel Core,12.13071,1.76646,2,2,2,3
2023-08-05,2023,2023Q3,2023-08,Burkina Faso,Sahel Core,10.8,-3.4,3,3,3,3
2023-08-06,2023,2023Q3,2023-08,Burkina Faso,Sahel Core,11.221835,-0.268719,22,26,22,3
2023-08-12,2023,2023Q3,2023-08,Burkina Faso,Sahel Core,12.028638,1.770708,2,2,2,3
2023-08-12,2023,2023Q3,2023-08,Burkina Faso,Sahel Core,13.32583,-1.53472,3,3,3,3
2023-08-16,2023,2023Q3,2023-08,Burkina Faso,Sahel Core,12.71571,-0.28494,1,1,1,3
2023-08-29,2023,2023Q3,2023-08,Burkina Faso,Sahel Core,13.58333,-2.41667,3,3,3,3
2023-09-07,2023,2023Q3,2023-09,Burkina Faso,Sahel Core,12.6953,0.031657,4,4,4,3
2023-09-07,2023,2023Q3,2023-09,Burkina Faso,Sahel Core,12.9188,0.0392,4,4,4,3
2023-09-19,2023,2023Q3,2023-09,Burkina Faso,Sahel Core,11.41667,0.16667,12,12,12,3
2023-09-19,2023,2023Q3,2023-09,Burkina Faso,Sahel Core,13.352506,-1.821763,4,4,4,3
2023-10-02,2023,2023Q4,2023-10,Burkina Faso,Sahel Core,13.769768,-2.417011,10,10,10,3
2023-10-05,2023,2023Q4,2023-10,Burkina Faso,Sahel Core,12.797895,-2.98416,4,5,4,3
2023-10-05,2023,2023Q4,2023-10,Burkina Faso,Sahel Core,12.843179,-2.972508,4,4,5,3
2023-10-05,2023,2023Q4,2023-10,Burkina Faso,Sahel Core,12.811477,-2.969684,4,4,4,3
2023-10-05,2023,2023Q4,2023-10,Burkina Faso,Sahel Core,12.66667,-3.0,5,4,4,3
2023-10-06,2023,2023Q4,2023-10,Burkina Faso,Sahel Core,12.72939,-3.86305,0,12,0,3
2023-10-09,2023,2023Q4,2023-10,Burkina Faso,Sahel Core,12.13071,1.76646,1,1,1,3
2023-10-10,2023,2023Q4,2023-10,Burkina Faso,Sahel Core,12.823343,-0.020366,2,2,2,3
2023-10-14,2023,2023Q4,2023-10,Burkina Faso,Sahel Core,12.656772,-0.567335,1,1,1,3
2023-10-15,2023,2023Q4,2023-10,Burkina Faso,Sahel Core,12.00123,1.39235,2,2,2,3
2023-10-16,2023,2023Q4,2023-10,Burkina Faso,Sahel Core,11.69044,-0.12237,3,3,3,3
2023-10-18,2023,2023Q4,2023-10,Burkina Faso,Sahel Core,13.102112,-1.223967,1,1,1,3
2023-10-18,2023,2023Q4,2023-10,Burkina Faso,Sahel Core,11.696748,-2.603518,7,7,7,3
2023-10-18,2023,2023Q4,2023-10,Burkina Faso,Sahel Core,12.13071,1.76646,2,2,2,3
2023-10-22,2023,2023Q4,2023-10,Burkina Faso,Sahel Core,13.41513,-0.54102,1,1,1,3
2023-10-25,2023,2023Q4,2023-10,Burkina Faso,Sahel Core,12.46338,-3.46075,0,1,0,3
2023-10-29,2023,2023Q4,2023-10,Burkina Faso,Sahel Core,12.766667,-0.833333,3,3,3,3
2023-11-11,2023,2023Q4,2023-11,Burkina Faso,Sahel Core,12.47558,1.51162,3,3,3,3
2023-11-26,2023,2023Q4,2023-11,Burkina Faso,Sahel Core,14.0994,-1.62554,40,40,40,3
2024-01-26,2024,2024Q1,2024-01,Burkina Faso,Sahel Core,12.142815,0.322536,10,10,10,3
2024-01-28,2024,2024Q1,2024-01,Burkina Faso,Sahel Core,11.221835,-0.268719,8,8,8,3
2024-01-31,2024,2024Q1,2024-01,Burkina Faso,Sahel Core,12.089815,0.443297,20,20,20,3
2024-02-25,2024,2024Q1,2024-02,Burkina Faso,Sahel Core,11.69917,0.50611,12,12,12,3
2024-03-09,2024,2024Q1,2024-03,Burkina Faso,Sahel Core,11.46995,-0.08896,25,25,25,3
2024-03-31,2024,2024Q1,2024-03,Burkina Faso,Sahel Core,12.04667,1.40688,32,32,32,3
2024-04-21,2024,2024Q2,2024-04,Burkina Faso,Sahel Core,13.50995,-1.91521,3,3,3,3
2024-04-22,2024,2024Q2,2024-04,Burkina Faso,Sahel Core,13.455259,-1.878386,31,31,31,3
2024-05-02,2024,2024Q2,2024-05,Burkina Faso,Sahel Core,12.99316,-1.22509,20,30,20,3
2024-05-09,2024,2024Q2,2024-05,Burkina Faso,Sahel Core,11.46995,-0.08896,15,15,15,3
2024-05-19,2024,2024Q2,2024-05,Burkina Faso,Sahel Core,13.128592,-0.116241,1,1,1,3
2024-05-22,2024,2024Q2,2024-05,Burkina Faso,Sahel Core,11.933333,1.616667,13,13,13,3
2024-05-22,2024,2024Q2,2024-05,Burkina Faso,Sahel Core,13.428058,-2.044417,72,72,72,3
2024-05-22,2024,2024Q2,2024-05,Burkina Faso,Sahel Core,13.36436,-1.90435,1,1,1,3
2024-05-22,2024,2024Q2,2024-05,Burkina Faso,Sahel Core,13.48692,-1.97998,1,1,1,3
2024-06-01,2024,2024Q2,2024-06,Burkina Faso,Sahel Core,12.65512,-0.06432,2,2,2,3
2024-06-06,2024,2024Q2,2024-06,Burkina Faso,Sahel Core,12.437617,-4.084555,0,63,0,3
2024-06-11,2024,2024Q2,2024-06,Burkina Faso,Sahel Core,13.15996,0.63743,20,60,20,3
2024-06-11,2024,2024Q2,2024-06,Burkina Faso,Sahel Core,11.54491,-5.18704,20,20,20,3
2024-06-25,2024,2024Q2,2024-06,Burkina Faso,Sahel Core,13.00701,-3.95606,19,19,19,3
2024-06-26,2024,2024Q2,2024-06,Burkina Faso,Sahel Core,12.9209,-4.1963,45,45,45,3
2024-06-30,2024,2024Q2,2024-06,Burkina Faso,Sahel Core,11.625167,-5.198463,2,2,2,3
2024-07-12,2024,2024Q3,2024-07,Burkina Faso,Sahel Core,13.12238,0.25014,11,11,11,3
2024-07-12,2024,2024Q3,2024-07,Burkina Faso,Sahel Core,11.79372,0.44473,2,9,2,3
2024-07-12,2024,2024Q3,2024-07,Burkina Faso,Sahel Core,13.00701,-3.95606,20,20,20,3
2024-07-14,2024,2024Q3,2024-07,Burkina Faso,Sahel Core,12.93488,-0.23303,3,3,2,3
2024-07-20,2024,2024Q3,2024-07,Burkina Faso,Sahel Core,12.809735,-3.606501,30,30,30,3
2024-07-22,2024,2024Q3,2024-07,Burkina Faso,Sahel Core,13.16417,-0.8225,10,10,10,3
2024-08-24,2024,2024Q3,2024-08,Burkina Faso,Sahel Core,13.41389,-1.05583,394,570,127,3
2024-08-25,2024,2024Q3,2024-08,Burkina Faso,Sahel Core,12.48333,-3.8,26,26,26,3
2024-08-30,2024,2024Q3,2024-08,Burkina Faso,Sahel Core,11.49472,0.14667,10,10,10,3
2024-09-13,2024,2024Q3,2024-09,Burkina Faso,Sahel Core,14.0994,-1.62554,3,3,3,3
2024-10-06,2024,2024Q4,2024-10,Burkina Faso,Sahel Core,13.25833,-0.21306,24,150,24,3
2024-10-10,2024,2024Q4,2024-10,Burkina Faso,Sahel Core,11.84444,-3.76797,2,2,2,3
2024-10-19,2024,2024Q4,2024-10,Burkina Faso,Sahel Core,12.65512,-0.06432,11,11,11,3
2024-10-20,2024,2024Q4,2024-10,Burkina Faso,Sahel Core,11.890364,-0.002973,1,1,1,3
2024-10-28,2024,2024Q4,2024-10,Burkina Faso,Sahel Core,13.43641,0.53044,1,1,1,3
2024-10-31,2024,2024Q4,2024-10,Burkina Faso,Sahel Core,12.080423,-4.189018,50,50,50,3
2024-11-05,2024,2024Q4,2024-11,Burkina Faso,Sahel Core,12.900332,-3.89049,20,20,20,3
2024-11-07,2024,2024Q4,2024-11,Burkina Faso,Sahel Core,13.382382,0.453521,22,22,22,3
2024-12-05,2024,2024Q4,2024-12,Burkina Faso,Sahel Core,11.168061,-0.153641,5,5,5,3
2020-01-04,2020,2020Q1,2020-01,Burkina Faso,Sahel Core,13.3049,-3.1985,14,14,14,1
2020-01-06,2020,2020Q1,2020-01,Burkina Faso,Sahel Core,12.98695,-3.76733,6,6,6,1
2020-02-06,2020,2020Q1,2020-02,Burkina Faso,Sahel Core,13.89972,-1.76556,10,10,0,1
2020-02-07,2020,2020Q1,2020-02,Burkina Faso,Sahel Core,13.80724,-1.77488,22,22,0,1
2020-02-16,2020,2020Q1,2020-02,Burkina Faso,Sahel Core,14.08163,-2.44561,5,5,5,1
2020-02-17,2020,2020Q1,2020-02,Burkina Faso,Sahel Core,13.8524,-1.165109,3,3,3,1
2020-02-27,2020,2020Q1,2020-02,Burkina Faso,Sahel Core,10.2,-4.96667,1,1,1,1
2020-03-03,2020,2020Q1,2020-03,Burkina Faso,Sahel Core,14.08163,-2.44561,4,4,4,1
2020-03-08,2020,2020Q1,2020-03,Burkina Faso,Sahel Core,14.20655,-1.85314,2,2,0,1
2020-03-18,2020,2020Q1,2020-03,Burkina Faso,Sahel Core,13.66448,-1.9068,4,4,4,1
2020-03-29,2020,2020Q1,2020-03,Burkina Faso,Sahel Core,13.48457,-2.77637,3,3,3,1
2020-03-31,2020,2020Q1,2020-03,Burkina Faso,Sahel Core,13.37993,-3.2008,16,16,16,1
2020-04-02,2020,2020Q2,2020-04,Burkina Faso,Sahel Core,13.69995,-1.41005,4,4,0,1
2020-04-09,2020,2020Q2,2020-04,Burkina Faso,Sahel Core,14.122238,-2.114403,5,5,5,1
2020-04-12,2020,2020Q2,2020-04,Burkina Faso,Sahel Core,14.0994,-1.62554,7,7,0,1
2020-05-02,2020,2020Q2,2020-05,Burkina Faso,Sahel Core,13.91297,-1.63426,1,1,1,1
2020-05-14,2020,2020Q2,2020-05,Burkina Faso,Sahel Core,14.08163,-2.44561,2,2,2,1
2020-05-18,2020,2020Q2,2020-05,Burkina Faso,Sahel Core,14.14274,-2.51432,8,8,4,1
2020-05-19,2020,2020Q2,2020-05,Burkina Faso,Sahel Core,13.06993,-3.55991,49,49,0,1
2020-05-22,2020,2020Q2,2020-05,Burkina Faso,Sahel Core,13.25833,-0.21306,5,5,5,1
2020-05-22,2020,2020Q2,2020-05,Burkina Faso,Sahel Core,10.03333,-4.4,7,7,7,1
2020-05-23,2020,2020Q2,2020-05,Burkina Faso,Sahel Core,13.25,-1.08333,6,6,6,1
2020-05-24,2020,2020Q2,2020-05,Burkina Faso,Sahel Core,12.04923,-4.67162,2,2,2,1
2020-05-28,2020,2020Q2,2020-05,Burkina Faso,Sahel Core,13.37993,-3.2008,10,10,0,1
2020-05-28,2020,2020Q2,2020-05,Burkina Faso,Sahel Core,13.4022,-3.0943,10,10,0,1
2020-05-30,2020,2020Q2,2020-05,Burkina Faso,Sahel Core,13.56604,-0.98299,13,13,13,1
2020-06-06,2020,2020Q2,2020-06,Burkina Faso,Sahel Core,13.89972,-1.76556,2,2,0,1
2020-06-08,2020,2020Q2,2020-06,Burkina Faso,Sahel Core,13.8524,-1.165109,8,8,0,1
2020-06-14,2020,2020Q2,2020-06,Burkina Faso,Sahel Core,13.166148,-3.415425,1,1,0,1
2020-06-15,2020,2020Q2,2020-06,Burkina Faso,Sahel Core,13.09167,-1.08444,6,6,0,1
2020-06-26,2020,2020Q2,2020-06,Burkina Faso,Sahel Core,13.94827,-2.21226,6,6,6,1
2020-06-27,2020,2020Q2,2020-06,Burkina Faso,Sahel Core,13.94827,-2.21226,3,3,3,1
2020-07-04,2020,2020Q3,2020-07,Burkina Faso,Sahel Core,12.91667,0.73333,1,1,1,1
2020-07-06,2020,2020Q3,2020-07,Burkina Faso,Sahel Core,13.41389,-1.05583,10,10,0,1
2020-07-20,2020,2020Q3,2020-07,Burkina Faso,Sahel Core,12.987846,0.953918,0,2,0,1
2020-08-01,2020,2020Q3,2020-08,Burkina Faso,Sahel Core,13.55423,-2.48845,6,6,6,1
2020-08-22,2020,2020Q3,2020-08,Burkina Faso,Sahel Core,13.41389,-1.05583,2,3,0,1
2020-09-10,2020,2020Q3,2020-09,Burkina Faso,Sahel Core,13.95405,-1.67408,11,11,0,1
2020-09-10,2020,2020Q3,2020-09,Burkina Faso,Sahel Core,13.95405,-1.67408,4,4,0,1
2020-09-11,2020,2020Q3,2020-09,Burkina Faso,Sahel Core,14.06637,-1.48171,2,2,0,1
2020-09-13,2020,2020Q3,2020-09,Burkina Faso,Sahel Core,13.91667,-2.16667,15,15,15,1
2020-09-24,2020,2020Q3,2020-09,Burkina Faso,Sahel Core,13.2367,-3.1658,2,2,0,1
2020-11-22,2020,2020Q4,2020-11,Burkina Faso,Sahel Core,13.8478,-2.41718,2,2,2,1
2020-12-15,2020,2020Q4,2020-12,Burkina Faso,Sahel Core,13.25,-0.5,0,2,0,1
2020-12-15,2020,2020Q4,2020-12,Burkina Faso,Sahel Core,13.43641,0.53044,1,1,1,1
2020-12-15,2020,2020Q4,2020-12,Burkina Faso,Sahel Core,13.41667,0.58333,13,13,13,1
2020-12-19,2020,2020Q4,2020-12,Burkina Faso,Sahel Core,13.71873,-1.18186,3,3,0,1
2021-01-04,2021,2021Q1,2021-01,Burkina Faso,Sahel Core,13.8478,-2.41718,2,2,2,1
2021-01-09,2021,2021Q1,2021-01,Burkina Faso,Sahel Core,13.8478,-2.41718,12,12,12,1
2021-02-09,2021,2021Q1,2021-02,Burkina Faso,Sahel Core,10.4,-3.83333,1,1,1,1
2021-02-23,2021,2021Q1,2021-02,Burkina Faso,Sahel Core,13.382382,0.453521,2,2,2,1
2021-03-02,2021,2021Q1,2021-03,Burkina Faso,Sahel Core,13.91297,-1.63426,6,6,0,1
2021-03-03,2021,2021Q1,2021-03,Burkina Faso,Sahel Core,13.8016,-1.57031,5,5,5,1
2021-03-05,2021,2021Q1,2021-03,Burkina Faso,Sahel Core,13.8016,-1.57031,1,1,1,1
2021-03-06,2021,2021Q1,2021-03,Burkina Faso,Sahel Core,13.8016,-1.57031,1,1,1,1
2021-03-06,2021,2021Q1,2021-03,Burkina Faso,Sahel Core,13.8016,-1.57031,5,5,5,1
2021-03-13,2021,2021Q1,2021-03,Burkina Faso,Sahel Core,9.4295,-2.7775,1,1,1,1
2021-03-13,2021,2021Q1,2021-03,Burkina Faso,Sahel Core,13.28139,-0.92872,2,2,0,1
2021-03-13,2021,2021Q1,2021-03,Burkina Faso,Sahel Core,13.28139,-0.92872,0,1,0,1
2021-03-27,2021,2021Q1,2021-03,Burkina Faso,Sahel Core,12.05,0.71667,4,4,4,1
2021-03-31,2021,2021Q1,2021-03,Burkina Faso,Sahel Core,13.71984,-1.10553,1,1,1,1
2021-04-01,2021,2021Q2,2021-04,Burkina Faso,Sahel Core,13.71984,-1.10553,5,6,5,1
2021-04-05,2021,2021Q2,2021-04,Burkina Faso,Sahel Core,13.382382,0.453521,2,2,2,1
2021-04-05,2021,2021Q2,2021-04,Burkina Faso,Sahel Core,12.0042,0.7938,7,7,7,1
2021-04-06,2021,2021Q2,2021-04,Burkina Faso,Sahel Core,13.4829,-0.70267,1,1,1,1
2021-04-13,2021,2021Q2,2021-04,Burkina Faso,Sahel Core,11.9663,0.845,6,6,6,1
2021-04-14,2021,2021Q2,2021-04,Burkina Faso,Sahel Core,12.15444,0.92972,0,1,0,1
2021-04-21,2021,2021Q2,2021-04,Burkina Faso,Sahel Core,13.853333,-0.9875,4,4,4,1
2021-04-29,2021,2021Q2,2021-04,Burkina Faso,Sahel Core,13.22138,-0.80125,1,1,0,1
2021-05-03,2021,2021Q2,2021-05,Burkina Faso,Sahel Core,12.80057,1.16766,13,13,13,1
2021-05-05,2021,2021Q2,2021-05,Burkina Faso,Sahel Core,13.58809,-2.4212,22,22,0,1
2021-05-16,2021,2021Q2,2021-05,Burkina Faso,Sahel Core,13.28009,-0.87375,11,11,11,1
2021-05-26,2021,2021Q2,2021-05,Burkina Faso,Sahel Core,14.052362,-1.201007,1,1,0,1
2021-05-30,2021,2021Q2,2021-05,Burkina Faso,Sahel Core,13.64635,-1.44018,4,4,4,1
2021-05-30,2021,2021Q2,2021-05,Burkina Faso,Sahel Core,13.78684,-1.13794,2,7,2,1
2021-06-11,2021,2021Q2,2021-06,Burkina Faso,Sahel Core,13.60468,-1.3656,1,1,1,1
2021-06-21,2021,2021Q2,2021-06,Burkina Faso,Sahel Core,13.56604,-0.98299,15,15,15,1
2021-06-23,2021,2021Q2,2021-06,Burkina Faso,Sahel Core,13.53722,-1.0294,2,2,2,1
2021-06-28,2021,2021Q2,2021-06,Burkina Faso,Sahel Core,13.70427,-1.05044,7,7,7,1
2021-06-30,2021,2021Q2,2021-06,Burkina Faso,Sahel Core,14.00405,-1.0995,12,12,0,1
2021-07-11,2021,2021Q3,2021-07,Burkina Faso,Sahel Core,13.64056,-0.80944,10,10,0,1
2021-07-13,2021,2021Q3,2021-07,Burkina Faso,Sahel Core,13.8826,-1.9551,13,12,13,1
2021-07-13,2021,2021Q3,2021-07,Burkina Faso,Sahel Core,13.9756,-2.0046,12,13,12,1
2021-07-16,2021,2021Q3,2021-07,Burkina Faso,Sahel Core,13.71873,-1.18186,4,4,0,1
2021-07-17,2021,2021Q3,2021-07,Burkina Faso,Sahel Core,13.8826,-1.9551,2,2,2,1
2021-07-20,2021,2021Q3,2021-07,Burkina Faso,Sahel Core,12.987846,0.953918,2,2,2,1
2021-08-03,2021,2021Q3,2021-08,Burkina Faso,Sahel Core,13.43641,0.53044,2,2,0,1
2021-08-06,2021,2021Q3,2021-08,Burkina Faso,Sahel Core,13.71873,-1.18186,3,3,3,1
2021-08-07,2021,2021Q3,2021-08,Burkina Faso,Sahel Core,12.66667,-3.58333,2,2,2,1
2021-08-08,2021,2021Q3,2021-08,Burkina Faso,Sahel Core,13.3049,-3.1985,12,12,12,1
2021-08-09,2021,2021Q3,2021-08,Burkina Faso,Sahel Core,12.987846,0.953918,3,3,3,1
2021-08-11,2021,2021Q3,2021-08,Burkina Faso,Sahel Core,13.85735,-0.41113,22,22,22,1
2021-08-15,2021,2021Q3,2021-08,Burkina Faso,Sahel Core,13.86584,-1.16084,10,10,0,1
2021-08-18,2021,2021Q3,2021-08,Burkina Faso,Sahel Core,14.192853,-0.76091,138,138,138,1
2021-08-31,2021,2021Q3,2021-08,Burkina Faso,Sahel Core,14.33575,-1.32697,1,1,0,1
2021-08-31,2021,2021Q3,2021-08,Burkina Faso,Sahel Core,13.25,-1.08333,3,3,0,1
2021-09-01,2021,2021Q3,2021-09,Burkina Faso,Sahel Core,13.37993,-3.2008,0,1,0,1
2021-09-04,2021,2021Q3,2021-09,Burkina Faso,Sahel Core,13.25,-1.08333,0,1,0,1
2021-09-09,2021,2021Q3,2021-09,Burkina Faso,Sahel Core,9.91683,-4.27494,1,1,1,1
2021-09-12,2021,2021Q3,2021-09,Burkina Faso,Sahel Core,12.40748,1.34667,7,7,0,1
2021-09-15,2021,2021Q3,2021-09,Burkina Faso,Sahel Core,12.987846,0.953918,1,1,1,1
2021-09-26,2021,2021Q3,2021-09,Burkina Faso,Sahel Core,13.76667,-2.06667,1,1,1,1
2021-09-29,2021,2021Q3,2021-09,Burkina Faso,Sahel Core,13.95405,-1.67408,5,5,0,1
2021-10-02,2021,2021Q4,2021-10,Burkina Faso,Sahel Core,9.922757,-4.335413,2,2,2,1
2021-10-04,2021,2021Q4,2021-10,Burkina Faso,Sahel Core,13.853333,-0.9875,17,17,17,1
2021-10-11,2021,2021Q4,2021-10,Burkina Faso,Sahel Core,9.8,-4.33333,2,2,2,1
2021-10-17,2021,2021Q4,2021-10,Burkina Faso,Sahel Core,13.75471,-1.84063,3,4,3,1
2021-10-20,2021,2021Q4,2021-10,Burkina Faso,Sahel Core,12.05,0.78333,1,1,1,1
2021-10-20,2021,2021Q4,2021-10,Burkina Faso,Sahel Core,13.83173,-1.60816,4,4,4,1
2021-10-25,2021,2021Q4,2021-10,Burkina Faso,Sahel Core,10.11667,-4.15,13,13,13,1
2021-10-29,2021,2021Q4,2021-10,Burkina Faso,Sahel Core,12.40748,1.34667,1,1,1,1
2021-10-31,2021,2021Q4,2021-10,Burkina Faso,Sahel Core,13.166148,-3.415425,20,20,20,1
2021-11-02,2021,2021Q4,2021-11,Burkina Faso,Sahel Core,10.93333,-4.71667,8,8,8,1
2021-11-05,2021,2021Q4,2021-11,Burkina Faso,Sahel Core,12.987846,0.953918,1,2,1,1
2021-11-08,2021,2021Q4,2021-11,Burkina Faso,Sahel Core,13.84661,-2.20139,3,3,3,1
2021-11-14,2021,2021Q4,2021-11,Burkina Faso,Sahel Core,14.33575,-1.32697,57,57,57,1
2021-11-16,2021,2021Q4,2021-11,Burkina Faso,Sahel Core,13.37993,-3.2008,24,90,24,1
2021-11-21,2021,2021Q4,2021-11,Burkina Faso,Sahel Core,10.38,-4.5,15,15,15,1
2021-11-21,2021,2021Q4,2021-11,Burkina Faso,Sahel Core,10.83333,-3.41667,0,15,0,1
2021-11-22,2021,2021Q4,2021-11,Burkina Faso,Sahel Core,13.85684,-0.93668,19,19,19,1
2021-11-30,2021,2021Q4,2021-11,Burkina Faso,Sahel Core,13.25,-1.08333,0,1,0,1
2021-12-01,2021,2021Q4,2021-12,Burkina Faso,Sahel Core,11.5,-0.41667,4,4,4,1
2021-12-01,2021,2021Q4,2021-12,Burkina Faso,Sahel Core,12.76782,1.262,6,6,6,1
2021-12-01,2021,2021Q4,2021-12,Burkina Faso,Sahel Core,13.56203,0.73575,6,6,6,1
2021-12-05,2021,2021Q4,2021-12,Burkina Faso,Sahel Core,13.80724,-1.77488,5,5,0,1
2021-12-09,2021,2021Q4,2021-12,Burkina Faso,Sahel Core,13.70167,-2.14101,14,14,14,1
2021-12-23,2021,2021Q4,2021-12,Burkina Faso,Sahel Core,13.70167,-2.14101,41,41,41,1
2021-12-23,2021,2021Q4,2021-12,Burkina Faso,Sahel Core,13.5003,-3.1695,10,10,10,1
2021-12-28,2021,2021Q4,2021-12,Burkina Faso,Sahel Core,14.43656,-1.88644,15,15,15,1
2022-01-01,2022,2022Q1,2022-01,Burkina Faso,Sahel Core,13.48457,-2.77637,30,30,30,1
2022-01-01,2022,2022Q1,2022-01,Burkina Faso,Sahel Core,13.54064,-1.56901,1,1,1,1
2022-01-02,2022,2022Q1,2022-01,Burkina Faso,Sahel Core,9.85,-4.26667,12,12,12,1
2022-01-05,2022,2022Q1,2022-01,Burkina Faso,Sahel Core,13.19066,-0.94505,2,2,2,1
2022-01-13,2022,2022Q1,2022-01,Burkina Faso,Sahel Core,11.16667,0.83333,12,12,12,1
2022-01-22,2022,2022Q1,2022-01,Burkina Faso,Sahel Core,13.70167,-2.14101,2,2,2,1
2022-01-31,2022,2022Q1,2022-01,Burkina Faso,Sahel Core,9.90856,-3.88695,2,2,2,1
2022-02-02,2022,2022Q1,2022-02,Burkina Faso,Sahel Core,13.25,-1.08333,3,3,0,1
2022-02-03,2022,2022Q1,2022-02,Burkina Faso,Sahel Core,13.41389,-1.05583,4,4,4,1
2022-02-04,2022,2022Q1,2022-02,Burkina Faso,Sahel Core,14.128012,-1.961386,3,3,3,1
2022-02-07,2022,2022Q1,2022-02,Burkina Faso,Sahel Core,13.58333,-2.41667,14,14,14,1
2022-02-08,2022,2022Q1,2022-02,Burkina Faso,Sahel Core,13.408785,-1.59068,2,2,2,1
2022-02-10,2022,2022Q1,2022-02,Burkina Faso,Sahel Core,12.0,1.75,40,40,40,1
2022-02-20,2022,2022Q1,2022-02,Burkina Faso,Sahel Core,13.37993,-3.2008,1,1,1,1
2022-02-22,2022,2022Q1,2022-02,Burkina Faso,Sahel Core,13.8016,-1.57031,2,2,2,1
2022-02-28,2022,2022Q1,2022-02,Burkina Faso,Sahel Core,13.37993,-3.2008,24,24,24,1
2022-02-28,2022,2022Q1,2022-02,Burkina Faso,Sahel Core,14.0815,-1.29076,30,30,30,1
2022-03-03,2022,2022Q1,2022-03,Burkina Faso,Sahel Core,11.41667,0.91667,1,1,1,1
2022-03-03,2022,2022Q1,2022-03,Burkina Faso,Sahel Core,12.0,1.75,1,1,1,1
2022-03-06,2022,2022Q1,2022-03,Burkina Faso,Sahel Core,13.83173,-1.60816,1,1,1,1
2022-03-13,2022,2022Q1,2022-03,Burkina Faso,Sahel Core,13.46536,-0.32444,2,2,2,1
2022-03-13,2022,2022Q1,2022-03,Burkina Faso,Sahel Core,13.4578,-0.3825,13,13,13,1
2022-03-15,2022,2022Q1,2022-03,Burkina Faso,Sahel Core,13.91667,-2.16667,40,40,40,1
2022-03-16,2022,2022Q1,2022-03,Burkina Faso,Sahel Core,14.0994,-1.62554,0,1,0,1
2022-03-20,2022,2022Q1,2022-03,Burkina Faso,Sahel Core,11.69917,0.50611,13,14,13,1
2022-03-20,2022,2022Q1,2022-03,Burkina Faso,Sahel Core,11.21667,0.38333,21,21,21,1
2022-03-20,2022,2022Q1,2022-03,Burkina Faso,Sahel Core,14.0994,-1.62554,53,60,40,1
2022-03-22,2022,2022Q1,2022-03,Burkina Faso,Sahel Core,11.69917,0.50611,18,17,18,1
2022-03-22,2022,2022Q1,2022-03,Burkina Faso,Sahel Core,11.21667,0.38333,17,18,17,1
2022-03-26,2022,2022Q1,2022-03,Burkina Faso,Sahel Core,13.27372,-0.67703,1,1,1,1
2022-04-01,2022,2022Q2,2022-04,Burkina Faso,Sahel Core,12.06308,0.36349,0,1,0,1
2022-04-04,2022,2022Q2,2022-04,Burkina Faso,Sahel Core,13.32583,-1.53472,2,2,2,1
2022-04-08,2022,2022Q2,2022-04,Burkina Faso,Sahel Core,13.83173,-1.60816,16,16,16,1
2022-04-16,2022,2022Q2,2022-04,Burkina Faso,Sahel Core,13.24137,-0.727589,2,2,2,1
2022-04-24,2022,2022Q2,2022-04,Burkina Faso,Sahel Core,13.91297,-1.63426,9,9,9,1
2022-04-24,2022,2022Q2,2022-04,Burkina Faso,Sahel Core,13.89972,-1.76556,6,6,6,1
2022-04-25,2022,2022Q2,2022-04,Burkina Faso,Sahel Core,13.68036,-2.25088,1,1,1,1
2022-05-04,2022,2022Q2,2022-05,Burkina Faso,Sahel Core,13.24137,-0.727589,1,1,1,1
2022-05-05,2022,2022Q2,2022-05,Burkina Faso,Sahel Core,13.24137,-0.727589,13,13,13,1
2022-05-05,2022,2022Q2,2022-05,Burkina Faso,Sahel Core,14.099,-2.166381,18,18,18,1
2022-05-06,2022,2022Q2,2022-05,Burkina Faso,Sahel Core,13.61033,-0.64947,0,3,0,1
2022-05-07,2022,2022Q2,2022-05,Burkina Faso,Sahel Core,14.02096,-0.31227,12,12,12,1
2022-05-09,2022,2022Q2,2022-05,Burkina Faso,Sahel Core,12.55258,-3.61256,40,40,40,1
2022-05-09,2022,2022Q2,2022-05,Burkina Faso,Sahel Core,10.05,-3.81667,10,10,10,1
2022-05-14,2022,2022Q2,2022-05,Burkina Faso,Sahel Core,11.35658,1.1752,17,18,17,1
2022-05-19,2022,2022Q2,2022-05,Burkina Faso,Sahel Core,11.47639,1.25083,26,26,26,1
2022-05-21,2022,2022Q2,2022-05,Burkina Faso,Sahel Core,13.67806,-1.54611,40,40,40,1
2022-05-26,2022,2022Q2,2022-05,Burkina Faso,Sahel Core,14.06637,-1.48171,12,12,12,1
2022-05-27,2022,2022Q2,2022-05,Burkina Faso,Sahel Core,12.91667,-3.83333,38,38,38,1
2022-05-28,2022,2022Q2,2022-05,Burkina Faso,Sahel Core,12.1761,-2.68958,1,1,1,1
2022-06-01,2022,2022Q2,2022-06,Burkina Faso,Sahel Core,13.48457,-2.77637,1,1,1,1
2022-06-02,2022,2022Q2,2022-06,Burkina Faso,Sahel Core,14.0994,-1.62554,12,12,12,1
2022-06-05,2022,2022Q2,2022-06,Burkina Faso,Sahel Core,11.79372,0.44473,11,11,11,1
2022-06-09,2022,2022Q2,2022-06,Burkina Faso,Sahel Core,13.718625,-2.337739,22,22,22,1
2022-06-09,2022,2022Q2,2022-06,Burkina Faso,Sahel Core,13.1691,-3.8899,14,14,14,1
2022-06-15,2022,2022Q2,2022-06,Burkina Faso,Sahel Core,13.61033,-0.64947,0,10,0,1
2022-06-25,2022,2022Q2,2022-06,Burkina Faso,Sahel Core,11.878929,-4.518613,2,2,2,1
2022-06-27,2022,2022Q2,2022-06,Burkina Faso,Sahel Core,10.8,-3.4,22,22,22,1
2022-07-01,2022,2022Q3,2022-07,Burkina Faso,Sahel Core,13.67806,-1.54611,4,4,4,1
2022-07-01,2022,2022Q3,2022-07,Burkina Faso,Sahel Core,12.964215,-0.45289,1,1,1,1
2022-07-02,2022,2022Q3,2022-07,Burkina Faso,Sahel Core,13.59468,-2.21892,9,12,9,1
2022-07-10,2022,2022Q3,2022-07,Burkina Faso,Sahel Core,13.49159,-1.12473,9,9,9,1
2022-07-25,2022,2022Q3,2022-07,Burkina Faso,Sahel Core,13.8524,-1.165109,52,52,0,1
2022-08-01,2022,2022Q3,2022-08,Burkina Faso,Sahel Core,11.024364,0.579981,30,37,30,1
2022-08-04,2022,2022Q3,2022-08,Burkina Faso,Sahel Core,13.60888,-1.54687,17,17,17,1
2022-08-04,2022,2022Q3,2022-08,Burkina Faso,Sahel Core,13.67806,-1.54611,16,16,16,1
2022-08-04,2022,2022Q3,2022-08,Burkina Faso,Sahel Core,13.60374,-1.56205,14,14,14,1
2022-08-04,2022,2022Q3,2022-08,Burkina Faso,Sahel Core,13.48457,-2.77637,3,3,3,1
2022-08-08,2022,2022Q3,2022-08,Burkina Faso,Sahel Core,13.48692,-1.97998,10,10,10,1
2022-08-08,2022,2022Q3,2022-08,Burkina Faso,Sahel Core,13.8524,-1.165109,6,7,0,1
2022-08-08,2022,2022Q3,2022-08,Burkina Faso,Sahel Core,13.8524,-1.165109,7,8,0,1
2022-08-09,2022,2022Q3,2022-08,Burkina Faso,Sahel Core,13.83173,-1.60816,15,15,15,1
2022-08-10,2022,2022Q3,2022-08,Burkina Faso,Sahel Core,11.67625,0.53331,11,11,11,1
2022-08-18,2022,2022Q3,2022-08,Burkina Faso,Sahel Core,13.60374,-1.56205,13,14,13,1
2022-08-18,2022,2022Q3,2022-08,Burkina Faso,Sahel Core,11.41667,0.91667,5,5,5,1
2022-08-25,2022,2022Q3,2022-08,Burkina Faso,Sahel Core,13.58278,-2.42158,0,125,0,1
2022-08-28,2022,2022Q3,2022-08,Burkina Faso,Sahel Core,12.13208,0.72085,10,20,10,1
2022-09-01,2022,2022Q3,2022-09,Burkina Faso,Sahel Core,11.776791,0.452432,5,5,5,1
2022-09-02,2022,2022Q3,2022-09,Burkina Faso,Sahel Core,13.25,-0.5,2,2,2,1
2022-09-04,2022,2022Q3,2022-09,Burkina Faso,Sahel Core,11.23837,0.2727,16,16,16,1
2022-09-06,2022,2022Q3,2022-09,Burkina Faso,Sahel Core,14.128012,-1.961386,32,32,32,1
2022-09-06,2022,2022Q3,2022-09,Burkina Faso,Sahel Core,12.58407,-3.29963,4,4,4,1
2022-09-06,2022,2022Q3,2022-09,Burkina Faso,Sahel Core,13.24137,-0.727589,2,2,2,1
2022-09-12,2022,2022Q3,2022-09,Burkina Faso,Sahel Core,14.60084,-0.71901,2,3,2,1
2022-09-14,2022,2022Q3,2022-09,Burkina Faso,Sahel Core,13.58278,-2.42158,1,1,1,1
2022-09-24,2022,2022Q3,2022-09,Burkina Faso,Sahel Core,12.40748,1.34667,5,5,5,1
2022-09-26,2022,2022Q3,2022-09,Burkina Faso,Sahel Core,13.91297,-1.63426,127,127,127,1
2022-10-03,2022,2022Q4,2022-10,Burkina Faso,Sahel Core,13.61033,-0.64947,3,7,3,1
2022-10-08,2022,2022Q4,2022-10,Burkina Faso,Sahel Core,11.933333,1.616667,1,1,1,1
2022-10-15,2022,2022Q4,2022-10,Burkina Faso,Sahel Core,13.88702,-0.62366,12,12,0,1
2022-10-24,2022,2022Q4,2022-10,Burkina Faso,Sahel Core,14.0981,-1.66237,28,28,28,1
2022-10-27,2022,2022Q4,2022-10,Burkina Faso,Sahel Core,13.32583,-1.53472,5,5,5,1
2022-10-29,2022,2022Q4,2022-10,Burkina Faso,Sahel Core,11.93667,0.39833,19,19,19,1
2022-11-04,2022,2022Q4,2022-11,Burkina Faso,Sahel Core,12.05,0.78333,12,12,12,1
2022-11-05,2022,2022Q4,2022-11,Burkina Faso,Sahel Core,11.20167,0.32361,129,129,129,1
2022-11-05,2022,2022Q4,2022-11,Burkina Faso,Sahel Core,13.67806,-1.54611,2,2,2,1
2022-11-07,2022,2022Q4,2022-11,Burkina Faso,Sahel Core,12.47558,1.51162,2,2,2,1
2022-11-09,2022,2022Q4,2022-11,Burkina Faso,Sahel Core,14.122238,-2.114403,31,33,31,1
2022-11-17,2022,2022Q4,2022-11,Burkina Faso,Sahel Core,13.24137,-0.727589,1,1,1,1
2022-11-21,2022,2022Q4,2022-11,Burkina Faso,Sahel Core,12.11419,1.79961,21,21,21,1
2022-11-21,2022,2022Q4,2022-11,Burkina Faso,Sahel Core,12.88333,-0.75,7,8,7,1
2022-11-24,2022,2022Q4,2022-11,Burkina Faso,Sahel Core,13.79077,-1.66156,35,35,35,1
2022-11-25,2022,2022Q4,2022-11,Burkina Faso,Sahel Core,13.60374,-1.56205,4,4,4,1
2022-12-01,2022,2022Q4,2022-12,Burkina Faso,Sahel Core,13.0725,-3.0694,5,5,5,1
2022-12-01,2022,2022Q4,2022-12,Burkina Faso,Sahel Core,12.214346,-4.098748,1,1,1,1
2022-12-02,2022,2022Q4,2022-12,Burkina Faso,Sahel Core,11.84444,-3.76797,10,10,10,1
2022-12-07,2022,2022Q4,2022-12,Burkina Faso,Sahel Core,12.08991,-3.66897,0,1,0,1
2022-12-07,2022,2022Q4,2022-12,Burkina Faso,Sahel Core,12.88333,-0.7,38,38,38,1
2022-12-08,2022,2022Q4,2022-12,Burkina Faso,Sahel Core,13.27372,-0.67703,1,1,1,1
2022-12-09,2022,2022Q4,2022-12,Burkina Faso,Sahel Core,13.66783,-2.37536,10,40,10,1
2022-12-11,2022,2022Q4,2022-12,Burkina Faso,Sahel Core,11.41667,0.91667,1,1,1,1
2022-12-20,2022,2022Q4,2022-12,Burkina Faso,Sahel Core,13.19778,-1.52167,0,1,0,1
2022-12-21,2022,2022Q4,2022-12,Burkina Faso,Sahel Core,12.00123,1.39235,1,1,1,1
2022-12-23,2022,2022Q4,2022-12,Burkina Faso,Sahel Core,13.55423,-2.48845,2,2,2,1
2022-12-25,2022,2022Q4,2022-12,Burkina Faso,Sahel Core,12.06667,0.43333,10,21,10,1
2022-12-28,2022,2022Q4,2022-12,Burkina Faso,Sahel Core,13.09167,-1.08444,2,2,2,1
2023-01-08,2023,2023Q1,2023-01,Burkina Faso,Sahel Core,11.42555,-0.81769,1,1,1,1
2023-01-09,2023,2023Q1,2023-01,Burkina Faso,Sahel Core,12.64824,0.49314,40,44,40,1
2023-01-10,2023,2023Q1,2023-01,Burkina Faso,Sahel Core,13.3049,-3.1985,2,2,2,1
2023-01-10,2023,2023Q1,2023-01,Burkina Faso,Sahel Core,11.03806,-0.59028,2,2,2,1
2023-01-18,2023,2023Q1,2023-01,Burkina Faso,Sahel Core,12.843179,-2.972508,11,12,11,1
2023-01-18,2023,2023Q1,2023-01,Burkina Faso,Sahel Core,11.21675,0.32435,1,1,1,1
2023-01-19,2023,2023Q1,2023-01,Burkina Faso,Sahel Core,13.3805,-1.4945,7,8,7,1
2023-01-19,2023,2023Q1,2023-01,Burkina Faso,Sahel Core,13.07688,-1.31027,21,21,21,1
2023-01-20,2023,2023Q1,2023-01,Burkina Faso,Sahel Core,12.91667,-3.83333,0,1,0,1
2023-01-20,2023,2023Q1,2023-01,Burkina Faso,Sahel Core,13.438799,-1.96435,0,1,0,1
2023-01-22,2023,2023Q1,2023-01,Burkina Faso,Sahel Core,13.207291,-2.359887,3,3,3,1
2023-01-22,2023,2023Q1,2023-01,Burkina Faso,Sahel Core,11.60327,-3.37254,1,1,1,1
2023-01-22,2023,2023Q1,2023-01,Burkina Faso,Sahel Core,11.60327,-3.37254,3,3,3,1
2023-01-23,2023,2023Q1,2023-01,Burkina Faso,Sahel Core,13.578933,-1.166997,18,18,18,1
2023-01-24,2023,2023Q1,2023-01,Burkina Faso,Sahel Core,12.539303,1.56381,3,3,3,1
2023-01-26,2023,2023Q1,2023-01,Burkina Faso,Sahel Core,10.75,-4.08333,1,1,1,1
2023-02-02,2023,2023Q1,2023-02,Burkina Faso,Sahel Core,12.994882,-3.022697,28,28,28,1
2023-02-04,2023,2023Q1,2023-02,Burkina Faso,Sahel Core,13.72139,-0.17222,3,3,3,1
2023-02-04,2023,2023Q1,2023-02,Burkina Faso,Sahel Core,11.933333,1.616667,6,6,6,1
2023-02-08,2023,2023Q1,2023-02,Burkina Faso,Sahel Core,11.352217,-0.359881,6,6,6,1
2023-02-08,2023,2023Q1,2023-02,Burkina Faso,Sahel Core,12.937687,-0.658664,16,16,15,1
2023-02-09,2023,2023Q1,2023-02,Burkina Faso,Sahel Core,12.80033,-3.97094,10,10,10,1
2023-02-12,2023,2023Q1,2023-02,Burkina Faso,Sahel Core,11.2125,0.00528,1,2,1,1
2023-02-13,2023,2023Q1,2023-02,Burkina Faso,Sahel Core,11.16972,-1.145,0,1,0,1
2023-02-14,2023,2023Q1,2023-02,Burkina Faso,Sahel Core,11.25806,-0.30611,0,1,0,1
2023-02-22,2023,2023Q1,2023-02,Burkina Faso,Sahel Core,12.883333,-0.483333,15,16,15,1
2023-03-04,2023,2023Q1,2023-03,Burkina Faso,Sahel Core,12.78333,-3.2,31,31,14,1
2023-03-05,2023,2023Q1,2023-03,Burkina Faso,Sahel Core,13.09829,-1.0855,0,1,0,1
2023-03-05,2023,2023Q1,2023-03,Burkina Faso,Sahel Core,12.05,0.78333,6,6,6,1
2023-03-05,2023,2023Q1,2023-03,Burkina Faso,Sahel Core,11.933333,1.616667,0,1,0,1
2023-03-08,2023,2023Q1,2023-03,Burkina Faso,Sahel Core,13.41972,-2.42757,3,3,3,1
2023-03-08,2023,2023Q1,2023-03,Burkina Faso,Sahel Core,13.36259,-2.39254,3,3,3,1
2023-03-09,2023,2023Q1,2023-03,Burkina Faso,Sahel Core,13.1626,-3.0352,5,5,5,1
2023-03-09,2023,2023Q1,2023-03,Burkina Faso,Sahel Core,11.90111,-5.01919,5,5,5,1
2023-03-10,2023,2023Q1,2023-03,Burkina Faso,Sahel Core,13.3246,-0.69498,20,20,20,1
2023-03-10,2023,2023Q1,2023-03,Burkina Faso,Sahel Core,13.31639,-0.5225,10,11,10,1
2023-03-11,2023,2023Q1,2023-03,Burkina Faso,Sahel Core,13.83173,-1.60816,13,13,13,1
2023-03-13,2023,2023Q1,2023-03,Burkina Faso,Sahel Core,13.76667,-2.06667,6,6,5,1
2023-03-13,2023,2023Q1,2023-03,Burkina Faso,Sahel Core,13.8826,-1.9551,5,5,6,1
2023-03-13,2023,2023Q1,2023-03,Burkina Faso,Sahel Core,13.8826,-1.9551,20,20,20,1
2023-03-17,2023,2023Q1,2023-03,Burkina Faso,Sahel Core,11.25806,-0.30611,4,4,4,1
2023-03-17,2023,2023Q1,2023-03,Burkina Faso,Sahel Core,12.214346,-4.098748,6,6,6,1
2023-03-19,2023,2023Q1,2023-03,Burkina Faso,Sahel Core,12.214346,-4.098748,6,6,6,1
2023-03-19,2023,2023Q1,2023-03,Burkina Faso,Sahel Core,12.15444,0.92972,8,8,8,1
2023-03-21,2023,2023Q1,2023-03,Burkina Faso,Sahel Core,13.0725,-3.0694,3,4,3,1
2023-03-21,2023,2023Q1,2023-03,Burkina Faso,Sahel Core,11.24413,-2.223669,16,16,16,1
2023-03-21,2023,2023Q1,2023-03,Burkina Faso,Sahel Core,13.0725,-3.0694,15,15,15,1
2023-03-22,2023,2023Q1,2023-03,Burkina Faso,Sahel Core,13.14888,-1.16584,15,18,14,1
2023-03-22,2023,2023Q1,2023-03,Burkina Faso,Sahel Core,13.14888,-1.16584,20,27,20,1
2023-03-23,2023,2023Q1,2023-03,Burkina Faso,Sahel Core,13.45787,-1.51715,25,25,25,1
2023-03-28,2023,2023Q1,2023-03,Burkina Faso,Sahel Core,14.089602,-2.716181,3,3,3,1
2023-03-29,2023,2023Q1,2023-03,Burkina Faso,Sahel Core,13.453315,-1.832742,0,1,0,1
2023-03-29,2023,2023Q1,2023-03,Burkina Faso,Sahel Core,12.73333,-0.56667,5,6,5,1
2023-03-29,2023,2023Q1,2023-03,Burkina Faso,Sahel Core,13.438799,-1.96435,0,1,0,1
2023-03-29,2023,2023Q1,2023-03,Burkina Faso,Sahel Core,13.391647,-1.86858,6,6,6,1
2023-03-30,2023,2023Q1,2023-03,Burkina Faso,Sahel Core,13.46536,-0.32444,3,3,3,1
2023-03-30,2023,2023Q1,2023-03,Burkina Faso,Sahel Core,13.31639,-0.5225,3,3,3,1
2023-03-31,2023,2023Q1,2023-03,Burkina Faso,Sahel Core,14.122238,-2.114403,2,2,2,1
2023-03-31,2023,2023Q1,2023-03,Burkina Faso,Sahel Core,14.4089,-1.5507,0,1,0,1
2023-04-02,2023,2023Q2,2023-04,Burkina Faso,Sahel Core,13.36259,-2.39254,8,8,8,1
2023-04-03,2023,2023Q2,2023-04,Burkina Faso,Sahel Core,14.76129,-1.11884,10,10,10,1
2023-04-03,2023,2023Q2,2023-04,Burkina Faso,Sahel Core,12.04667,1.40688,0,1,0,1
2023-04-03,2023,2023Q2,2023-04,Burkina Faso,Sahel Core,13.03859,-1.2377,0,1,0,1
2023-04-05,2023,2023Q2,2023-04,Burkina Faso,Sahel Core,12.75083,1.08398,1,2,1,1
2023-04-09,2023,2023Q2,2023-04,Burkina Faso,Sahel Core,11.30515,0.11417,35,35,35,1
2023-04-10,2023,2023Q2,2023-04,Burkina Faso,Sahel Core,11.3511,-0.30225,18,21,18,1
2023-04-12,2023,2023Q2,2023-04,Burkina Faso,Sahel Core,11.449389,0.043503,0,1,0,1
2023-04-12,2023,2023Q2,2023-04,Burkina Faso,Sahel Core,13.66976,-2.33739,9,9,9,1
2023-04-12,2023,2023Q2,2023-04,Burkina Faso,Sahel Core,13.91667,-2.16667,9,9,9,1
2023-04-15,2023,2023Q2,2023-04,Burkina Faso,Sahel Core,13.66976,-2.33739,76,76,76,1
2023-04-16,2023,2023Q2,2023-04,Burkina Faso,Sahel Core,13.32583,-1.53472,25,25,25,1
2023-04-16,2023,2023Q2,2023-04,Burkina Faso,Sahel Core,13.66976,-2.33739,1,1,1,1
2023-04-16,2023,2023Q2,2023-04,Burkina Faso,Sahel Core,12.66667,-3.83333,12,12,12,1
2023-04-17,2023,2023Q2,2023-04,Burkina Faso,Sahel Core,10.3,-3.533333,0,1,0,1
2023-04-17,2023,2023Q2,2023-04,Burkina Faso,Sahel Core,14.0815,-1.29076,0,1,0,1
2023-04-18,2023,2023Q2,2023-04,Burkina Faso,Sahel Core,11.76282,-5.20882,0,1,0,1
2023-04-18,2023,2023Q2,2023-04,Burkina Faso,Sahel Core,11.23029,0.15014,14,18,14,1
2023-04-19,2023,2023Q2,2023-04,Burkina Faso,Sahel Core,12.33333,-2.16667,0,1,0,1
2023-04-20,2023,2023Q2,2023-04,Burkina Faso,Sahel Core,12.29745,0.33864,10,10,10,1
2023-04-22,2023,2023Q2,2023-04,Burkina Faso,Sahel Core,11.58333,-2.26667,17,17,17,1
2023-04-22,2023,2023Q2,2023-04,Burkina Faso,Sahel Core,14.3412,-1.95005,0,1,0,1
2023-04-23,2023,2023Q2,2023-04,Burkina Faso,Sahel Core,10.978912,-0.572224,1,1,1,1
2023-04-24,2023,2023Q2,2023-04,Burkina Faso,Sahel Core,14.680892,-1.385478,3,3,3,1
2023-04-27,2023,2023Q2,2023-04,Burkina Faso,Sahel Core,12.43333,0.16667,73,115,73,1
2023-05-01,2023,2023Q2,2023-05,Burkina Faso,Sahel Core,12.43333,0.16667,36,36,36,1
2023-05-06,2023,2023Q2,2023-05,Burkina Faso,Sahel Core,11.41667,-0.28333,1,1,1,1
2023-05-08,2023,2023Q2,2023-05,Burkina Faso,Sahel Core,13.4539,-1.45189,0,1,0,1
2023-05-08,2023,2023Q2,2023-05,Burkina Faso,Sahel Core,12.361938,-3.304335,1,1,1,1
2023-05-12,2023,2023Q2,2023-05,Burkina Faso,Sahel Core,13.35653,-1.058613,1,2,1,1
2023-05-16,2023,2023Q2,2023-05,Burkina Faso,Sahel Core,14.0994,-1.62554,1,1,1,1
2023-05-18,2023,2023Q2,2023-05,Burkina Faso,Sahel Core,13.44707,-2.16099,9,9,9,1
2023-05-18,2023,2023Q2,2023-05,Burkina Faso,Sahel Core,13.48858,-2.17542,9,9,9,1
2023-05-18,2023,2023Q2,2023-05,Burkina Faso,Sahel Core,12.9188,0.0392,0,30,0,1
2023-05-18,2023,2023Q2,2023-05,Burkina Faso,Sahel Core,13.47149,-2.16188,4,4,4,1
2023-05-18,2023,2023Q2,2023-05,Burkina Faso,Sahel Core,11.41667,-0.28333,0,1,0,1
2023-05-21,2023,2023Q2,2023-05,Burkina Faso,Sahel Core,11.35125,0.58759,0,1,0,1
2023-05-22,2023,2023Q2,2023-05,Burkina Faso,Sahel Core,13.85552,-2.31766,1,1,1,1
2023-05-22,2023,2023Q2,2023-05,Burkina Faso,Sahel Core,13.24137,-0.727589,11,11,11,1
2023-05-23,2023,2023Q2,2023-05,Burkina Faso,Sahel Core,13.3395,-0.72772,0,1,0,1
2023-05-23,2023,2023Q2,2023-05,Burkina Faso,Sahel Core,13.028055,-2.562154,4,4,4,1
2023-05-23,2023,2023Q2,2023-05,Burkina Faso,Sahel Core,11.33945,-0.05692,0,100,0,1
2023-05-25,2023,2023Q2,2023-05,Burkina Faso,Sahel Core,12.66667,-3.0,0,1,0,1
2023-05-25,2023,2023Q2,2023-05,Burkina Faso,Sahel Core,12.16667,-2.66667,0,1,0,1
2023-05-26,2023,2023Q2,2023-05,Burkina Faso,Sahel Core,13.537539,-2.619973,0,1,0,1
2023-05-26,2023,2023Q2,2023-05,Burkina Faso,Sahel Core,13.671667,-2.755403,0,1,0,1
2023-05-26,2023,2023Q2,2023-05,Burkina Faso,Sahel Core,13.567453,-2.659362,0,1,0,1
2023-05-26,2023,2023Q2,2023-05,Burkina Faso,Sahel Core,13.731913,-2.672313,0,1,0,1
2023-05-26,2023,2023Q2,2023-05,Burkina Faso,Sahel Core,13.80632,-2.66373,0,1,0,1
2023-05-26,2023,2023Q2,2023-05,Burkina Faso,Sahel Core,13.826767,-2.604705,0,1,0,1
2023-05-26,2023,2023Q2,2023-05,Burkina Faso,Sahel Core,13.795748,-2.579395,0,1,0,1
2023-05-26,2023,2023Q2,2023-05,Burkina Faso,Sahel Core,13.77058,-2.35798,0,1,0,1
2023-05-26,2023,2023Q2,2023-05,Burkina Faso,Sahel Core,13.8478,-2.41718,0,1,0,1
2023-05-26,2023,2023Q2,2023-05,Burkina Faso,Sahel Core,13.889411,-2.363697,0,1,0,1
2023-05-26,2023,2023Q2,2023-05,Burkina Faso,Sahel Core,12.266284,-2.783332,20,20,20,1
2023-05-27,2023,2023Q2,2023-05,Burkina Faso,Sahel Core,13.24524,-1.02799,3,3,3,1
2023-05-27,2023,2023Q2,2023-05,Burkina Faso,Sahel Core,12.63333,-3.71667,54,54,54,1
2023-05-30,2023,2023Q2,2023-05,Burkina Faso,Sahel Core,11.41667,-0.28333,3,3,3,1
2023-05-31,2023,2023Q2,2023-05,Burkina Faso,Sahel Core,14.099,-2.166381,52,64,52,1
2023-06-03,2023,2023Q2,2023-06,Burkina Faso,Sahel Core,13.2683,-3.9172,20,20,20,1
2023-06-03,2023,2023Q2,2023-06,Burkina Faso,Sahel Core,12.63333,-3.71667,20,20,20,1
2023-06-03,2023,2023Q2,2023-06,Burkina Faso,Sahel Core,11.26917,0.58944,5,5,5,1
2023-06-04,2023,2023Q2,2023-06,Burkina Faso,Sahel Core,11.41667,0.91667,12,12,12,1
2023-06-05,2023,2023Q2,2023-06,Burkina Faso,Sahel Core,10.2,-4.96667,3,4,3,1
2023-06-05,2023,2023Q2,2023-06,Burkina Faso,Sahel Core,11.33945,-0.05692,68,83,68,1
2023-06-06,2023,2023Q2,2023-06,Burkina Faso,Sahel Core,13.03859,-1.2377,1,1,1,1
2023-06-07,2023,2023Q2,2023-06,Burkina Faso,Sahel Core,11.23029,0.15014,2,2,2,1
2023-06-07,2023,2023Q2,2023-06,Burkina Faso,Sahel Core,11.501129,0.141094,1,1,1,1
2023-06-07,2023,2023Q2,2023-06,Burkina Faso,Sahel Core,10.283348,-4.913331,9,9,9,1
2023-06-08,2023,2023Q2,2023-06,Burkina Faso,Sahel Core,11.501129,0.141094,12,12,12,1
2023-06-08,2023,2023Q2,2023-06,Burkina Faso,Sahel Core,13.61033,-0.64947,44,44,44,1
2023-06-08,2023,2023Q2,2023-06,Burkina Faso,Sahel Core,11.41667,0.91667,1,2,1,1
2023-06-08,2023,2023Q2,2023-06,Burkina Faso,Sahel Core,13.252371,-2.40933,11,11,11,1
2023-06-08,2023,2023Q2,2023-06,Burkina Faso,Sahel Core,13.48457,-2.77637,12,12,12,1
2023-06-09,2023,2023Q2,2023-06,Burkina Faso,Sahel Core,13.41513,-0.54102,2,2,2,1
2023-06-09,2023,2023Q2,2023-06,Burkina Faso,Sahel Core,13.3395,-0.72772,21,21,21,1
2023-06-10,2023,2023Q2,2023-06,Burkina Faso,Sahel Core,14.266613,-1.649801,22,22,22,1
2023-06-11,2023,2023Q2,2023-06,Burkina Faso,Sahel Core,13.103325,-2.600283,11,11,11,1
2023-06-12,2023,2023Q2,2023-06,Burkina Faso,Sahel Core,11.913464,-4.567016,3,3,3,1
2023-06-12,2023,2023Q2,2023-06,Burkina Faso,Sahel Core,12.950328,-2.717077,11,11,11,1
2023-06-14,2023,2023Q2,2023-06,Burkina Faso,Sahel Core,11.26917,0.58944,7,7,7,1
2023-06-14,2023,2023Q2,2023-06,Burkina Faso,Sahel Core,10.687863,-3.728447,16,16,16,1
2023-06-14,2023,2023Q2,2023-06,Burkina Faso,Sahel Core,13.64486,-0.6116,0,1,0,1
2023-06-14,2023,2023Q2,2023-06,Burkina Faso,Sahel Core,11.21447,0.24173,2,2,2,1
2023-06-16,2023,2023Q2,2023-06,Burkina Faso,Sahel Core,12.66667,-3.0,1,1,1,1
2023-06-17,2023,2023Q2,2023-06,Burkina Faso,Sahel Core,13.41389,-1.05583,2,2,2,1
2023-06-18,2023,2023Q2,2023-06,Burkina Faso,Sahel Core,11.933333,1.616667,5,5,5,1
2023-06-18,2023,2023Q2,2023-06,Burkina Faso,Sahel Core,12.987211,-1.345482,3,4,3,1
2023-06-20,2023,2023Q2,2023-06,Burkina Faso,Sahel Core,11.198372,0.164241,1,1,1,1
2023-06-20,2023,2023Q2,2023-06,Burkina Faso,Sahel Core,13.784004,-2.142249,16,16,16,1
2023-06-20,2023,2023Q2,2023-06,Burkina Faso,Sahel Core,11.26917,0.58944,1,1,1,1
2023-06-21,2023,2023Q2,2023-06,Burkina Faso,Sahel Core,11.41667,-0.28333,2,2,2,1
2023-06-22,2023,2023Q2,2023-06,Burkina Faso,Sahel Core,12.05,0.78333,12,12,12,1
2023-06-22,2023,2023Q2,2023-06,Burkina Faso,Sahel Core,13.028055,-2.562154,3,3,3,1
2023-06-22,2023,2023Q2,2023-06,Burkina Faso,Sahel Core,13.80632,-2.66373,7,7,7,1
2023-06-25,2023,2023Q2,2023-06,Burkina Faso,Sahel Core,12.64824,0.49314,2,2,2,1
2023-06-25,2023,2023Q2,2023-06,Burkina Faso,Sahel Core,12.91667,-3.83333,3,3,3,1
2023-06-26,2023,2023Q2,2023-06,Burkina Faso,Sahel Core,12.64824,0.49314,34,34,34,1
2023-06-26,2023,2023Q2,2023-06,Burkina Faso,Sahel Core,13.8016,-1.57031,84,84,84,1
2023-06-26,2023,2023Q2,2023-06,Burkina Faso,Sahel Core,11.30291,0.12178,26,26,26,1
2023-06-26,2023,2023Q2,2023-06,Burkina Faso,Sahel Core,13.19066,-0.94505,45,69,45,1
2023-06-26,2023,2023Q2,2023-06,Burkina Faso,Sahel Core,13.83173,-1.60816,2,3,2,1
2023-06-27,2023,2023Q2,2023-06,Burkina Faso,Sahel Core,13.83173,-1.60816,2,2,2,1
2023-06-27,2023,2023Q2,2023-06,Burkina Faso,Sahel Core,11.435395,-4.037876,33,33,33,1
2023-06-27,2023,2023Q2,2023-06,Burkina Faso,Sahel Core,11.786732,-3.847872,39,39,39,1
2023-07-02,2023,2023Q3,2023-07,Burkina Faso,Sahel Core,13.83173,-1.60816,20,20,20,1
2023-07-05,2023,2023Q3,2023-07,Burkina Faso,Sahel Core,13.438799,-1.96435,3,3,3,1
2023-07-07,2023,2023Q3,2023-07,Burkina Faso,Sahel Core,12.84227,-0.282196,28,28,28,1
2023-07-07,2023,2023Q3,2023-07,Burkina Faso,Sahel Core,13.455503,-2.246542,7,7,7,1
2023-07-07,2023,2023Q3,2023-07,Burkina Faso,Sahel Core,11.88405,-4.519549,4,4,4,1
2023-07-08,2023,2023Q3,2023-07,Burkina Faso,Sahel Core,11.933333,1.616667,30,30,30,1
2023-07-08,2023,2023Q3,2023-07,Burkina Faso,Sahel Core,12.43333,0.16667,30,30,30,1
2023-07-11,2023,2023Q3,2023-07,Burkina Faso,Sahel Core,11.60627,-0.10285,7,7,7,1
2023-07-12,2023,2023Q3,2023-07,Burkina Faso,Sahel Core,11.776791,0.452432,28,28,28,1
2023-07-12,2023,2023Q3,2023-07,Burkina Faso,Sahel Core,13.61033,-0.64947,3,3,3,1
2023-07-12,2023,2023Q3,2023-07,Burkina Faso,Sahel Core,11.60627,-0.10285,3,3,3,1
2023-07-14,2023,2023Q3,2023-07,Burkina Faso,Sahel Core,12.21568,0.19474,18,18,18,1
2023-07-14,2023,2023Q3,2023-07,Burkina Faso,Sahel Core,12.15444,0.92972,3,3,3,1
2023-07-17,2023,2023Q3,2023-07,Burkina Faso,Sahel Core,12.72939,-3.86305,6,6,6,1
2023-07-18,2023,2023Q3,2023-07,Burkina Faso,Sahel Core,12.15444,0.92972,2,2,2,1
2023-07-21,2023,2023Q3,2023-07,Burkina Faso,Sahel Core,11.03806,-0.59028,10,12,10,1
2023-07-21,2023,2023Q3,2023-07,Burkina Faso,Sahel Core,11.2125,0.00528,5,5,5,1
2023-07-22,2023,2023Q3,2023-07,Burkina Faso,Sahel Core,10.09386,-3.52618,0,1,0,1
2023-07-22,2023,2023Q3,2023-07,Burkina Faso,Sahel Core,12.073787,1.790043,12,12,12,1
2023-07-25,2023,2023Q3,2023-07,Burkina Faso,Sahel Core,12.073787,1.790043,2,2,2,1
2023-07-27,2023,2023Q3,2023-07,Burkina Faso,Sahel Core,11.41667,0.91667,19,19,19,1
2023-07-28,2023,2023Q3,2023-07,Burkina Faso,Sahel Core,11.86474,-5.11057,1,1,1,1
2023-07-31,2023,2023Q3,2023-07,Burkina Faso,Sahel Core,12.21568,0.19474,3,3,3,1
2023-08-01,2023,2023Q3,2023-08,Burkina Faso,Sahel Core,13.25833,-0.21306,0,1,0,1
2023-08-01,2023,2023Q3,2023-08,Burkina Faso,Sahel Core,11.625167,-5.198463,17,17,17,1
2023-08-02,2023,2023Q3,2023-08,Burkina Faso,Sahel Core,14.329569,-1.436295,28,70,28,1
2023-08-02,2023,2023Q3,2023-08,Burkina Faso,Sahel Core,11.54491,-5.18704,7,7,7,1
2023-08-03,2023,2023Q3,2023-08,Burkina Faso,Sahel Core,12.523802,-2.874364,0,1,0,1
2023-08-04,2023,2023Q3,2023-08,Burkina Faso,Sahel Core,10.3,-4.06667,5,5,5,1
2023-08-09,2023,2023Q3,2023-08,Burkina Faso,Sahel Core,11.117688,0.009363,0,1,0,1
2023-08-12,2023,2023Q3,2023-08,Burkina Faso,Sahel Core,13.41972,-2.42757,2,2,2,1
2023-08-12,2023,2023Q3,2023-08,Burkina Faso,Sahel Core,12.028638,1.770708,2,2,2,1
2023-08-14,2023,2023Q3,2023-08,Burkina Faso,Sahel Core,12.46667,-2.91667,12,12,12,1
2023-08-17,2023,2023Q3,2023-08,Burkina Faso,Sahel Core,12.91667,-2.96667,1,2,1,1
2023-08-18,2023,2023Q3,2023-08,Burkina Faso,Sahel Core,12.71571,-0.28494,4,4,4,1
2023-08-18,2023,2023Q3,2023-08,Burkina Faso,Sahel Core,11.51209,-3.39542,8,8,8,1
2023-08-18,2023,2023Q3,2023-08,Burkina Faso,Sahel Core,13.455503,-2.246542,2,3,2,1
2023-08-19,2023,2023Q3,2023-08,Burkina Faso,Sahel Core,11.30291,0.12178,45,45,45,1
2023-08-21,2023,2023Q3,2023-08,Burkina Faso,Sahel Core,13.66783,-2.37536,2,2,2,1
2023-08-21,2023,2023Q3,2023-08,Burkina Faso,Sahel Core,13.14888,-1.16584,12,12,12,1
2023-08-25,2023,2023Q3,2023-08,Burkina Faso,Sahel Core,13.125133,-1.059157,34,34,34,1
2023-08-25,2023,2023Q3,2023-08,Burkina Faso,Sahel Core,12.733268,1.072762,23,23,23,1
2023-08-25,2023,2023Q3,2023-08,Burkina Faso,Sahel Core,10.3629,-3.6185,0,1,0,1
2023-08-28,2023,2023Q3,2023-08,Burkina Faso,Sahel Core,11.46667,-2.38333,2,2,2,1
2023-08-29,2023,2023Q3,2023-08,Burkina Faso,Sahel Core,11.501129,0.141094,6,6,6,1
2023-08-30,2023,2023Q3,2023-08,Burkina Faso,Sahel Core,12.04667,1.40688,4,4,4,1
2023-08-30,2023,2023Q3,2023-08,Burkina Faso,Sahel Core,13.36293,-1.51225,39,39,39,1
2023-08-31,2023,2023Q3,2023-08,Burkina Faso,Sahel Core,13.48457,-2.77637,50,50,50,1
2023-09-01,2023,2023Q3,2023-09,Burkina Faso,Sahel Core,13.024985,-1.42333,15,15,15,1
2023-09-01,2023,2023Q3,2023-09,Burkina Faso,Sahel Core,12.987211,-1.345482,12,12,12,1
2023-09-02,2023,2023Q3,2023-09,Burkina Faso,Sahel Core,12.0,1.75,0,1,0,1
2023-09-02,2023,2023Q3,2023-09,Burkina Faso,Sahel Core,11.83228,-4.93341,1,1,1,1
2023-09-04,2023,2023Q3,2023-09,Burkina Faso,Sahel Core,13.8478,-2.41718,56,56,56,1
2023-09-11,2023,2023Q3,2023-09,Burkina Faso,Sahel Core,11.86474,-5.11057,12,12,12,1
2023-09-11,2023,2023Q3,2023-09,Burkina Faso,Sahel Core,12.240411,0.344603,0,1,0,1
2023-09-11,2023,2023Q3,2023-09,Burkina Faso,Sahel Core,12.13071,1.76646,0,1,0,1
2023-09-13,2023,2023Q3,2023-09,Burkina Faso,Sahel Core,12.073787,1.790043,0,1,0,1
2023-09-14,2023,2023Q3,2023-09,Burkina Faso,Sahel Core,13.254216,-1.107726,18,68,18,1
2023-09-16,2023,2023Q3,2023-09,Burkina Faso,Sahel Core,13.53722,-1.0294,10,10,10,1
2023-09-17,2023,2023Q3,2023-09,Burkina Faso,Sahel Core,11.86474,-5.11057,14,14,14,1
2023-09-21,2023,2023Q3,2023-09,Burkina Faso,Sahel Core,11.680601,-4.284868,7,7,7,1
2023-09-21,2023,2023Q3,2023-09,Burkina Faso,Sahel Core,13.906419,-2.486591,25,25,25,1
2023-09-24,2023,2023Q3,2023-09,Burkina Faso,Sahel Core,13.36436,-1.90435,10,10,10,1
2023-09-24,2023,2023Q3,2023-09,Burkina Faso,Sahel Core,13.431167,-1.7339,10,10,10,1
2023-09-26,2023,2023Q3,2023-09,Burkina Faso,Sahel Core,12.46667,-2.91667,2,2,2,1
2023-09-28,2023,2023Q3,2023-09,Burkina Faso,Sahel Core,11.505961,0.058128,40,40,40,1
2023-10-03,2023,2023Q4,2023-10,Burkina Faso,Sahel Core,13.25,-3.0,0,40,0,1
2023-10-03,2023,2023Q4,2023-10,Burkina Faso,Sahel Core,14.099,-2.166381,12,12,12,1
2023-10-04,2023,2023Q4,2023-10,Burkina Faso,Sahel Core,13.090732,-0.173331,20,20,20,1
2023-10-05,2023,2023Q4,2023-10,Burkina Faso,Sahel Core,12.430533,-2.854966,10,10,10,1
2023-10-07,2023,2023Q4,2023-10,Burkina Faso,Sahel Core,12.845419,-3.10409,3,3,3,1
2023-10-08,2023,2023Q4,2023-10,Burkina Faso,Sahel Core,14.0994,-1.62554,17,17,17,1
2023-10-08,2023,2023Q4,2023-10,Burkina Faso,Sahel Core,11.221835,-0.268719,16,16,16,1
2023-10-10,2023,2023Q4,2023-10,Burkina Faso,Sahel Core,13.48692,-1.97998,6,6,6,1
2023-10-10,2023,2023Q4,2023-10,Burkina Faso,Sahel Core,11.762718,-4.192603,8,11,8,1
2023-10-11,2023,2023Q4,2023-10,Burkina Faso,Sahel Core,12.29745,0.33864,63,93,63,1
2023-10-12,2023,2023Q4,2023-10,Burkina Faso,Sahel Core,13.463156,-2.020967,30,30,30,1
2023-10-15,2023,2023Q4,2023-10,Burkina Faso,Sahel Core,13.286519,-1.722536,7,7,7,1
2023-10-15,2023,2023Q4,2023-10,Burkina Faso,Sahel Core,12.00123,1.39235,1,1,1,1
2023-10-18,2023,2023Q4,2023-10,Burkina Faso,Sahel Core,13.58278,-2.42158,0,1,0,1
2023-10-18,2023,2023Q4,2023-10,Burkina Faso,Sahel Core,13.28261,-1.47644,3,3,3,1
2023-10-18,2023,2023Q4,2023-10,Burkina Faso,Sahel Core,14.33575,-1.32697,2,2,2,1
2023-10-18,2023,2023Q4,2023-10,Burkina Faso,Sahel Core,13.80832,-1.32828,2,2,2,1
2023-10-20,2023,2023Q4,2023-10,Burkina Faso,Sahel Core,14.0994,-1.62554,10,10,10,1
2023-10-25,2023,2023Q4,2023-10,Burkina Faso,Sahel Core,14.0994,-1.62554,36,36,36,1
2023-10-26,2023,2023Q4,2023-10,Burkina Faso,Sahel Core,12.073787,1.790043,5,5,5,1
2023-10-28,2023,2023Q4,2023-10,Burkina Faso,Sahel Core,13.45,-1.55,1,1,1,1
2023-10-28,2023,2023Q4,2023-10,Burkina Faso,Sahel Core,13.103325,-2.600283,14,14,14,1
2023-10-31,2023,2023Q4,2023-10,Burkina Faso,Sahel Core,14.0994,-1.62554,2,2,2,1
2023-11-01,2023,2023Q4,2023-11,Burkina Faso,Sahel Core,12.71571,-0.28494,9,9,9,1
2023-11-03,2023,2023Q4,2023-11,Burkina Faso,Sahel Core,12.811477,-2.969684,0,6,0,1
2023-11-06,2023,2023Q4,2023-11,Burkina Faso,Sahel Core,12.995194,-0.211229,16,16,16,1
2023-11-07,2023,2023Q4,2023-11,Burkina Faso,Sahel Core,12.917196,-0.114159,4,4,4,1
2023-11-08,2023,2023Q4,2023-11,Burkina Faso,Sahel Core,14.76129,-1.11884,1,1,1,1
2023-11-08,2023,2023Q4,2023-11,Burkina Faso,Sahel Core,14.33575,-1.32697,1,1,1,1
2023-11-08,2023,2023Q4,2023-11,Burkina Faso,Sahel Core,11.6455,-4.2627,2,2,2,1
2023-11-10,2023,2023Q4,2023-11,Burkina Faso,Sahel Core,11.41667,-0.28333,3,3,3,1
2023-11-12,2023,2023Q4,2023-11,Burkina Faso,Sahel Core,13.531289,-2.703346,30,30,30,1
2023-11-12,2023,2023Q4,2023-11,Burkina Faso,Sahel Core,13.37993,-3.2008,3,3,3,1
2023-11-13,2023,2023Q4,2023-11,Burkina Faso,Sahel Core,13.83173,-1.60816,24,24,24,1
2023-11-13,2023,2023Q4,2023-11,Burkina Faso,Sahel Core,13.45,-1.55,10,10,10,1
2023-11-18,2023,2023Q4,2023-11,Burkina Faso,Sahel Core,12.073787,1.790043,15,15,15,1
2023-11-18,2023,2023Q4,2023-11,Burkina Faso,Sahel Core,12.073787,1.790043,0,1,0,1
2023-11-19,2023,2023Q4,2023-11,Burkina Faso,Sahel Core,11.391155,0.061304,55,55,55,1
2023-11-20,2023,2023Q4,2023-11,Burkina Faso,Sahel Core,11.970977,-3.825641,3,3,3,1
2023-11-20,2023,2023Q4,2023-11,Burkina Faso,Sahel Core,11.955231,3.658818,3,3,3,1
2023-11-20,2023,2023Q4,2023-11,Burkina Faso,Sahel Core,11.87255,-3.63431,3,3,3,1
2023-11-20,2023,2023Q4,2023-11,Burkina Faso,Sahel Core,11.95402,-3.710482,3,3,2,1
2023-11-20,2023,2023Q4,2023-11,Burkina Faso,Sahel Core,12.25,-3.41667,3,2,3,1
2023-11-20,2023,2023Q4,2023-11,Burkina Faso,Sahel Core,11.786732,-3.847872,2,3,3,1
2023-11-20,2023,2023Q4,2023-11,Burkina Faso,Sahel Core,11.84444,-3.76797,3,3,3,1
2023-11-22,2023,2023Q4,2023-11,Burkina Faso,Sahel Core,11.302736,0.121253,4,4,4,1
2023-11-22,2023,2023Q4,2023-11,Burkina Faso,Sahel Core,11.302736,0.121253,10,10,10,1
2023-11-22,2023,2023Q4,2023-11,Burkina Faso,Sahel Core,12.78333,-0.73333,26,26,26,1
2023-11-22,2023,2023Q4,2023-11,Burkina Faso,Sahel Core,13.89972,-1.76556,1,1,1,1
2023-11-22,2023,2023Q4,2023-11,Burkina Faso,Sahel Core,14.17373,-1.71805,0,1,0,1
2023-11-23,2023,2023Q4,2023-11,Burkina Faso,Sahel Core,12.721897,-0.134367,4,4,4,1
2023-11-26,2023,2023Q4,2023-11,Burkina Faso,Sahel Core,14.0981,-1.66237,46,422,46,1
2023-12-06,2023,2023Q4,2023-12,Burkina Faso,Sahel Core,13.453419,-2.597011,4,4,4,1
2023-12-07,2023,2023Q4,2023-12,Burkina Faso,Sahel Core,13.448333,-2.663888,0,1,0,1
2023-12-07,2023,2023Q4,2023-12,Burkina Faso,Sahel Core,13.95405,-1.67408,4,4,4,1
2023-12-24,2023,2023Q4,2023-12,Burkina Faso,Sahel Core,14.122238,-2.114403,6,60,6,1
2023-12-24,2023,2023Q4,2023-12,Burkina Faso,Sahel Core,14.03279,-0.5195,18,36,18,1
2023-12-25,2023,2023Q4,2023-12,Burkina Faso,Sahel Core,11.302736,0.121253,3,3,3,1
2023-12-25,2023,2023Q4,2023-12,Burkina Faso,Sahel Core,11.46879,0.38941,0,1,0,1
2023-12-25,2023,2023Q4,2023-12,Burkina Faso,Sahel Core,11.41667,0.16667,2,2,2,1
2023-12-30,2023,2023Q4,2023-12,Burkina Faso,Sahel Core,13.59468,-2.21892,6,6,6,1
2023-12-30,2023,2023Q4,2023-12,Burkina Faso,Sahel Core,12.72939,-3.86305,6,23,6,1
2024-01-03,2024,2024Q1,2024-01,Burkina Faso,Sahel Core,13.24524,-1.02799,0,17,0,1
2024-01-13,2024,2024Q1,2024-01,Burkina Faso,Sahel Core,12.811477,-2.969684,0,1,0,1
2024-01-13,2024,2024Q1,2024-01,Burkina Faso,Sahel Core,12.735126,-2.984161,0,1,0,1
2024-01-15,2024,2024Q1,2024-01,Burkina Faso,Sahel Core,13.16417,-0.8225,0,1,0,1
2024-01-16,2024,2024Q1,2024-01,Burkina Faso,Sahel Core,13.153232,-4.251507,1,1,1,1
2024-01-18,2024,2024Q1,2024-01,Burkina Faso,Sahel Core,13.54178,-1.53003,1,1,1,1
2024-01-18,2024,2024Q1,2024-01,Burkina Faso,Sahel Core,13.45,-1.55,0,3,0,1
2024-01-20,2024,2024Q1,2024-01,Burkina Faso,Sahel Core,10.31667,-3.66667,1,1,1,1
2024-01-22,2024,2024Q1,2024-01,Burkina Faso,Sahel Core,10.31667,-3.66667,3,3,3,1
2024-01-29,2024,2024Q1,2024-01,Burkina Faso,Sahel Core,11.221835,-0.268719,8,8,8,1
2024-02-03,2024,2024Q1,2024-02,Burkina Faso,Sahel Core,12.00123,1.39235,0,1,0,1
2024-02-04,2024,2024Q1,2024-02,Burkina Faso,Sahel Core,11.28,-4.32,0,1,0,1
2024-02-04,2024,2024Q1,2024-02,Burkina Faso,Sahel Core,13.33333,-1.36667,5,5,5,1
2024-02-04,2024,2024Q1,2024-02,Burkina Faso,Sahel Core,13.4364,-1.31769,5,5,5,1
2024-02-04,2024,2024Q1,2024-02,Burkina Faso,Sahel Core,13.09829,-1.0855,5,5,5,1
2024-02-04,2024,2024Q1,2024-02,Burkina Faso,Sahel Core,13.48214,-1.32254,5,5,5,1
2024-02-05,2024,2024Q1,2024-02,Burkina Faso,Sahel Core,11.399288,0.098655,3,3,3,1
2024-02-09,2024,2024Q1,2024-02,Burkina Faso,Sahel Core,13.729426,-2.459001,3,3,3,1
2024-02-11,2024,2024Q1,2024-02,Burkina Faso,Sahel Core,13.4578,-0.3825,8,8,8,1
2024-02-12,2024,2024Q1,2024-02,Burkina Faso,Sahel Core,13.31639,-0.5225,0,1,0,1
2024-02-12,2024,2024Q1,2024-02,Burkina Faso,Sahel Core,11.79188,0.070021,10,10,10,1
2024-02-13,2024,2024Q1,2024-02,Burkina Faso,Sahel Core,13.3395,-0.72772,1,1,1,1
2024-02-14,2024,2024Q1,2024-02,Burkina Faso,Sahel Core,13.3395,-0.72772,8,8,8,1
2024-02-18,2024,2024Q1,2024-02,Burkina Faso,Sahel Core,12.29745,0.33864,13,13,13,1
2024-02-18,2024,2024Q1,2024-02,Burkina Faso,Sahel Core,14.0994,-1.62554,3,3,3,1
2024-02-20,2024,2024Q1,2024-02,Burkina Faso,Sahel Core,12.653189,-3.461683,27,27,27,1
2024-02-21,2024,2024Q1,2024-02,Burkina Faso,Sahel Core,14.33333,-1.25,2,2,2,1
2024-02-25,2024,2024Q1,2024-02,Burkina Faso,Sahel Core,11.69917,0.50611,88,88,88,1
2024-02-25,2024,2024Q1,2024-02,Burkina Faso,Sahel Core,13.32583,-1.53472,9,10,9,1
2024-02-25,2024,2024Q1,2024-02,Burkina Faso,Sahel Core,11.735718,-0.193992,2,2,2,1
2024-02-25,2024,2024Q1,2024-02,Burkina Faso,Sahel Core,12.987846,0.953918,0,51,0,1
2024-02-25,2024,2024Q1,2024-02,Burkina Faso,Sahel Core,13.58278,-2.42158,14,14,14,1
2024-02-25,2024,2024Q1,2024-02,Burkina Faso,Sahel Core,11.69917,0.50611,0,1,0,1
2024-02-25,2024,2024Q1,2024-02,Burkina Faso,Sahel Core,12.987846,0.953918,0,1,0,1
2024-02-27,2024,2024Q1,2024-02,Burkina Faso,Sahel Core,12.987846,0.953918,3,3,0,1
2024-03-05,2024,2024Q1,2024-03,Burkina Faso,Sahel Core,11.7817,-0.36808,2,2,2,1
2024-03-08,2024,2024Q1,2024-03,Burkina Faso,Sahel Core,13.41389,-1.05583,0,1,0,1
2024-03-08,2024,2024Q1,2024-03,Burkina Faso,Sahel Core,13.41389,-1.05583,3,3,3,1
2024-03-09,2024,2024Q1,2024-03,Burkina Faso,Sahel Core,14.00405,-1.0995,0,1,0,1
2024-03-09,2024,2024Q1,2024-03,Burkina Faso,Sahel Core,11.46995,-0.08896,2,2,2,1
2024-03-10,2024,2024Q1,2024-03,Burkina Faso,Sahel Core,11.576817,-0.355262,20,20,20,1
2024-03-13,2024,2024Q1,2024-03,Burkina Faso,Sahel Core,12.88333,-0.7,17,17,17,1
2024-03-13,2024,2024Q1,2024-03,Burkina Faso,Sahel Core,13.36436,-1.90435,3,3,3,1
2024-03-26,2024,2024Q1,2024-03,Burkina Faso,Sahel Core,12.78487,0.492,100,100,100,1
2024-03-26,2024,2024Q1,2024-03,Burkina Faso,Sahel Core,12.40877,-3.81108,31,31,31,1
2024-03-26,2024,2024Q1,2024-03,Burkina Faso,Sahel Core,12.214346,-4.098748,0,1,0,1
2024-03-31,2024,2024Q1,2024-03,Burkina Faso,Sahel Core,12.04667,1.40688,41,41,41,1
2024-04-02,2024,2024Q2,2024-04,Burkina Faso,Sahel Core,11.41667,-0.28333,0,1,0,1
2024-04-02,2024,2024Q2,2024-04,Burkina Faso,Sahel Core,13.80632,-2.66373,0,1,0,1
2024-04-12,2024,2024Q2,2024-04,Burkina Faso,Sahel Core,12.181367,-4.084549,0,1,0,1
2024-04-16,2024,2024Q2,2024-04,Burkina Faso,Sahel Core,11.692621,-0.129831,6,6,6,1
2024-04-17,2024,2024Q2,2024-04,Burkina Faso,Sahel Core,13.46837,-1.18707,8,10,7,1
2024-04-17,2024,2024Q2,2024-04,Burkina Faso,Sahel Core,13.69971,-0.95842,9,9,9,1
2024-04-17,2024,2024Q2,2024-04,Burkina Faso,Sahel Core,14.00405,-1.0995,2,2,2,1
2024-04-20,2024,2024Q2,2024-04,Burkina Faso,Sahel Core,12.181367,-4.084549,1,1,1,1
2024-04-23,2024,2024Q2,2024-04,Burkina Faso,Sahel Core,12.81,0.165833,0,1,0,1
2024-04-30,2024,2024Q2,2024-04,Burkina Faso,Sahel Core,13.316245,-1.791434,11,11,11,1
2024-05-01,2024,2024Q2,2024-05,Burkina Faso,Sahel Core,14.192853,-0.76091,1,1,1,1
2024-05-03,2024,2024Q2,2024-05,Burkina Faso,Sahel Core,13.66976,-2.33739,1,21,1,1
2024-05-03,2024,2024Q2,2024-05,Burkina Faso,Sahel Core,13.66976,-2.33739,3,3,3,1
2024-05-04,2024,2024Q2,2024-05,Burkina Faso,Sahel Core,11.7817,-0.36808,1,1,1,1
2024-05-05,2024,2024Q2,2024-05,Burkina Faso,Sahel Core,11.20167,0.32361,1,1,1,1
2024-05-05,2024,2024Q2,2024-05,Burkina Faso,Sahel Core,13.185468,0.599426,2,2,2,1
2024-05-05,2024,2024Q2,2024-05,Burkina Faso,Sahel Core,12.169997,1.797175,0,1,0,1
2024-05-05,2024,2024Q2,2024-05,Burkina Faso,Sahel Core,12.13071,1.76646,23,23,23,1
2024-05-08,2024,2024Q2,2024-05,Burkina Faso,Sahel Core,13.43641,0.53044,1,1,1,1
2024-05-09,2024,2024Q2,2024-05,Burkina Faso,Sahel Core,12.786066,-0.610418,7,7,7,1
2024-05-09,2024,2024Q2,2024-05,Burkina Faso,Sahel Core,12.71667,-0.4,39,75,39,1
2024-05-09,2024,2024Q2,2024-05,Burkina Faso,Sahel Core,12.735797,-3.969381,3,3,3,1
2024-05-09,2024,2024Q2,2024-05,Burkina Faso,Sahel Core,13.43641,0.53044,3,3,3,1
2024-05-09,2024,2024Q2,2024-05,Burkina Faso,Sahel Core,13.46536,-0.32444,3,3,3,1
2024-05-09,2024,2024Q2,2024-05,Burkina Faso,Sahel Core,12.71667,-0.4,1,1,1,1
2024-05-10,2024,2024Q2,2024-05,Burkina Faso,Sahel Core,12.987846,0.953918,1,1,1,1
2024-05-11,2024,2024Q2,2024-05,Burkina Faso,Sahel Core,14.28917,-1.27452,1,1,1,1
2024-05-11,2024,2024Q2,2024-05,Burkina Faso,Sahel Core,13.373106,-2.696881,1,1,1,1
2024-05-13,2024,2024Q2,2024-05,Burkina Faso,Sahel Core,12.416207,-4.399251,6,7,6,1
2024-05-13,2024,2024Q2,2024-05,Burkina Faso,Sahel Core,13.00701,-3.95606,2,1,2,1
2024-05-13,2024,2024Q2,2024-05,Burkina Faso,Sahel Core,13.4985,-1.54752,1,2,1,1
2024-05-15,2024,2024Q2,2024-05,Burkina Faso,Sahel Core,12.9678,-2.793814,1,1,1,1
2024-05-17,2024,2024Q2,2024-05,Burkina Faso,Sahel Core,14.4089,-1.5507,0,1,0,1
2024-05-17,2024,2024Q2,2024-05,Burkina Faso,Sahel Core,11.94827,0.300084,3,3,3,1
2024-05-19,2024,2024Q2,2024-05,Burkina Faso,Sahel Core,11.20167,0.32361,5,5,5,1
2024-05-20,2024,2024Q2,2024-05,Burkina Faso,Sahel Core,13.36436,-1.90435,1,1,1,1
2024-05-20,2024,2024Q2,2024-05,Burkina Faso,Sahel Core,12.129682,0.504404,23,30,23,1
2024-05-22,2024,2024Q2,2024-05,Burkina Faso,Sahel Core,11.933333,1.616667,7,7,7,1
2024-05-22,2024,2024Q2,2024-05,Burkina Faso,Sahel Core,13.428058,-2.044417,8,8,8,1
2024-05-24,2024,2024Q2,2024-05,Burkina Faso,Sahel Core,12.73333,-0.56667,48,49,48,1
2024-05-26,2024,2024Q2,2024-05,Burkina Faso,Sahel Core,13.245685,-0.709721,2,2,2,1
2024-05-29,2024,2024Q2,2024-05,Burkina Faso,Sahel Core,11.399288,0.098655,106,106,106,1
2024-05-29,2024,2024Q2,2024-05,Burkina Faso,Sahel Core,13.72139,-0.17222,9,9,9,1
2024-06-01,2024,2024Q2,2024-06,Burkina Faso,Sahel Core,11.956277,0.525021,30,31,30,1
2024-06-01,2024,2024Q2,2024-06,Burkina Faso,Sahel Core,14.0994,-1.62554,1,1,1,1
2024-06-04,2024,2024Q2,2024-06,Burkina Faso,Sahel Core,14.0994,-1.62554,4,4,4,1
2024-06-06,2024,2024Q2,2024-06,Burkina Faso,Sahel Core,13.448333,-2.663888,0,1,0,1
2024-06-06,2024,2024Q2,2024-06,Burkina Faso,Sahel Core,13.31045,-0.16361,4,4,4,1
2024-06-06,2024,2024Q2,2024-06,Burkina Faso,Sahel Core,12.93488,-0.23303,40,40,30,1
2024-06-07,2024,2024Q2,2024-06,Burkina Faso,Sahel Core,11.84444,-3.76797,0,1,0,1
2024-06-08,2024,2024Q2,2024-06,Burkina Faso,Sahel Core,13.63395,-2.59929,3,3,3,1
2024-06-08,2024,2024Q2,2024-06,Burkina Faso,Sahel Core,13.04524,-1.23717,0,1,0,1
2024-06-09,2024,2024Q2,2024-06,Burkina Faso,Sahel Core,13.680758,-2.431912,1,1,1,1
2024-06-09,2024,2024Q2,2024-06,Burkina Faso,Sahel Core,13.29833,-2.51516,5,5,5,1
2024-06-10,2024,2024Q2,2024-06,Burkina Faso,Sahel Core,13.31639,-0.5225,12,12,12,1
2024-06-11,2024,2024Q2,2024-06,Burkina Faso,Sahel Core,13.15996,0.63743,114,120,114,1
2024-06-20,2024,2024Q2,2024-06,Burkina Faso,Sahel Core,12.018046,2.118949,7,7,7,1
2024-06-25,2024,2024Q2,2024-06,Burkina Faso,Sahel Core,12.29745,0.33864,103,153,0,1
2024-06-26,2024,2024Q2,2024-06,Burkina Faso,Sahel Core,13.19066,-0.94505,30,31,30,1
2024-06-29,2024,2024Q2,2024-06,Burkina Faso,Sahel Core,13.31639,-0.5225,46,48,46,1
2024-06-29,2024,2024Q2,2024-06,Burkina Faso,Sahel Core,11.7817,-0.36808,24,24,24,1
2024-06-30,2024,2024Q2,2024-06,Burkina Faso,Sahel Core,11.933333,1.616667,76,77,76,1
2024-07-05,2024,2024Q3,2024-07,Burkina Faso,Sahel Core,14.0994,-1.62554,2,2,2,1
2024-07-05,2024,2024Q3,2024-07,Burkina Faso,Sahel Core,13.59468,-2.21892,0,1,0,1
2024-07-08,2024,2024Q3,2024-07,Burkina Faso,Sahel Core,11.884219,-3.940872,0,1,0,1
2024-07-12,2024,2024Q3,2024-07,Burkina Faso,Sahel Core,13.00701,-3.95606,1,1,1,1
2024-07-15,2024,2024Q3,2024-07,Burkina Faso,Sahel Core,11.79372,0.44473,8,8,8,1
2024-07-16,2024,2024Q3,2024-07,Burkina Faso,Sahel Core,12.3,-3.25,1,1,1,1
2024-07-16,2024,2024Q3,2024-07,Burkina Faso,Sahel Core,12.3,-3.25,2,2,2,1
2024-07-22,2024,2024Q3,2024-07,Burkina Faso,Sahel Core,12.47203,-3.47305,2,1,1,1
2024-07-22,2024,2024Q3,2024-07,Burkina Faso,Sahel Core,12.06308,0.36349,1,2,1,1
2024-07-23,2024,2024Q3,2024-07,Burkina Faso,Sahel Core,13.67806,-1.54611,9,10,9,1
2024-07-25,2024,2024Q3,2024-07,Burkina Faso,Sahel Core,12.741815,-3.495229,15,15,15,1
2024-07-27,2024,2024Q3,2024-07,Burkina Faso,Sahel Core,12.25,-3.41667,0,1,0,1
2024-07-27,2024,2024Q3,2024-07,Burkina Faso,Sahel Core,14.0994,-1.62554,0,1,0,1
2024-07-27,2024,2024Q3,2024-07,Burkina Faso,Sahel Core,14.329569,-1.436295,3,3,3,1
2024-07-27,2024,2024Q3,2024-07,Burkina Faso,Sahel Core,14.4089,-1.5507,0,1,0,1
2024-07-27,2024,2024Q3,2024-07,Burkina Faso,Sahel Core,14.11797,-1.51049,0,1,0,1
2024-07-31,2024,2024Q3,2024-07,Burkina Faso,Sahel Core,11.21667,0.38333,149,149,149,1
2024-08-03,2024,2024Q3,2024-08,Burkina Faso,Sahel Core,11.970977,-3.825641,0,1,0,1
2024-08-06,2024,2024Q3,2024-08,Burkina Faso,Sahel Core,12.47203,-3.47305,3,3,3,1
2024-08-08,2024,2024Q3,2024-08,Burkina Faso,Sahel Core,12.07345,1.181,203,253,203,1
2024-08-08,2024,2024Q3,2024-08,Burkina Faso,Sahel Core,13.407347,-1.920059,3,3,3,1
2024-08-09,2024,2024Q3,2024-08,Burkina Faso,Sahel Core,12.07345,1.181,2,3,2,1
2024-08-15,2024,2024Q3,2024-08,Burkina Faso,Sahel Core,13.0725,-3.0694,14,15,14,1
2024-08-19,2024,2024Q3,2024-08,Burkina Faso,Sahel Core,14.0994,-1.62554,4,4,4,1
2024-08-19,2024,2024Q3,2024-08,Burkina Faso,Sahel Core,13.8524,-1.165109,0,1,0,1
2024-08-24,2024,2024Q3,2024-08,Burkina Faso,Sahel Core,13.41389,-1.05583,6,30,6,1
2024-08-25,2024,2024Q3,2024-08,Burkina Faso,Sahel Core,12.48333,-3.8,2,2,2,1
2024-08-30,2024,2024Q3,2024-08,Burkina Faso,Sahel Core,13.66976,-2.33739,14,15,14,1
2024-09-13,2024,2024Q3,2024-09,Burkina Faso,Sahel Core,11.14911,-4.23463,19,19,19,1
2024-10-04,2024,2024Q4,2024-10,Burkina Faso,Sahel Core,14.0994,-1.62554,0,1,0,1
2024-10-05,2024,2024Q4,2024-10,Burkina Faso,Sahel Core,12.9704,-0.14953,17,17,17,1
2024-10-06,2024,2024Q4,2024-10,Burkina Faso,Sahel Core,13.25833,-0.21306,1,1,1,1
2024-10-08,2024,2024Q4,2024-10,Burkina Faso,Sahel Core,12.71667,-0.4,18,18,18,1
2024-10-12,2024,2024Q4,2024-10,Burkina Faso,Sahel Core,11.59062,-0.30075,4,4,4,1
2024-10-16,2024,2024Q4,2024-10,Burkina Faso,Sahel Core,11.497108,-0.354026,0,1,0,1
2024-10-17,2024,2024Q4,2024-10,Burkina Faso,Sahel Core,13.605427,-2.110744,1,4,1,1
2024-10-18,2024,2024Q4,2024-10,Burkina Faso,Sahel Core,12.811477,-2.969684,2,2,2,1
2024-10-18,2024,2024Q4,2024-10,Burkina Faso,Sahel Core,12.71667,-0.4,3,3,3,1
2024-10-19,2024,2024Q4,2024-10,Burkina Faso,Sahel Core,12.65512,-0.06432,2,3,2,1
2024-10-20,2024,2024Q4,2024-10,Burkina Faso,Sahel Core,11.78204,0.0386,6,6,6,1
2024-10-22,2024,2024Q4,2024-10,Burkina Faso,Sahel Core,13.24137,-0.727589,0,1,0,1
2024-10-29,2024,2024Q4,2024-10,Burkina Faso,Sahel Core,13.31639,-0.5225,18,22,18,1
2024-10-31,2024,2024Q4,2024-10,Burkina Faso,Sahel Core,13.66783,-2.37536,0,2,0,1
2024-11-02,2024,2024Q4,2024-11,Burkina Faso,Sahel Core,12.9704,-0.14953,10,10,10,1
2024-11-06,2024,2024Q4,2024-11,Burkina Faso,Sahel Core,13.46536,-0.32444,0,1,0,1
2024-11-06,2024,2024Q4,2024-11,Burkina Faso,Sahel Core,12.204195,-4.484625,0,1,0,1
2024-11-06,2024,2024Q4,2024-11,Burkina Faso,Sahel Core,12.2284,-3.93037,0,1,0,1
2024-11-15,2024,2024Q4,2024-11,Burkina Faso,Sahel Core,13.88702,-0.62366,14,14,14,1
2024-11-17,2024,2024Q4,2024-11,Burkina Faso,Sahel Core,13.41667,0.58333,0,1,0,1
2024-11-21,2024,2024Q4,2024-11,Burkina Faso,Sahel Core,12.29745,0.33864,3,3,3,1
2024-11-22,2024,2024Q4,2024-11,Burkina Faso,Sahel Core,11.852366,-4.070823,5,5,5,1
2024-11-22,2024,2024Q4,2024-11,Burkina Faso,Sahel Core,12.05932,-4.07807,7,7,7,1
2024-11-22,2024,2024Q4,2024-11,Burkina Faso,Sahel Core,12.195782,-4.033835,6,6,6,1
2024-11-22,2024,2024Q4,2024-11,Burkina Faso,Sahel Core,13.1011,-4.13209,7,7,7,1
2024-11-23,2024,2024Q4,2024-11,Burkina Faso,Sahel Core,12.06157,0.35843,0,4,0,1
2024-12-05,2024,2024Q4,2024-12,Burkina Faso,Sahel Core,12.893911,-0.814286,4,4,4,1
2024-12-10,2024,2024Q4,2024-12,Burkina Faso,Sahel Core,13.00701,-3.95606,3,3,3,1
2024-12-10,2024,2024Q4,2024-12,Burkina Faso,Sahel Core,12.918612,-4.061328,3,3,3,1
2024-12-25,2024,2024Q4,2024-12,Burkina Faso,Sahel Core,11.17286,0.34707,3,3,3,1
2024-12-25,2024,2024Q4,2024-12,Burkina Faso,Sahel Core,11.41667,0.16667,3,3,3,1
2024-12-28,2024,2024Q4,2024-12,Burkina Faso,Sahel Core,12.419199,-2.926188,3,3,3,1
2024-12-29,2024,2024Q4,2024-12,Burkina Faso,Sahel Core,13.58278,-2.42158,0,1,0,1
2024-12-29,2024,2024Q4,2024-12,Burkina Faso,Sahel Core,11.17715,-4.2979,0,7,0,1
2024-12-30,2024,2024Q4,2024-12,Burkina Faso,Sahel Core,13.31084,-1.09723,2,2,2,1
2020-05-29,2020,2020Q2,2020-05,Burkina Faso,Sahel Core,13.94827,-2.21226,15,15,15,2
2020-06-05,2020,2020Q2,2020-06,Burkina Faso,Sahel Core,12.93333,-0.15,0,6,0,2
2022-11-19,2022,2022Q4,2022-11,Burkina Faso,Sahel Core,11.51667,-2.56667,2,2,2,2
2020-03-08,2020,2020Q1,2020-03,Burkina Faso,Sahel Core,13.630562,-0.74502,17,17,17,3
2020-03-08,2020,2020Q1,2020-03,Burkina Faso,Sahel Core,13.87097,-2.27047,26,26,26,3
2020-06-06,2020,2020Q2,2020-06,Burkina Faso,Sahel Core,12.93333,-0.15,0,1,0,3
2020-04-14,2020,2020Q2,2020-04,Burkina Faso,Sahel Core,14.33333,-1.25,13,13,12,2
2020-04-16,2020,2020Q2,2020-04,Burkina Faso,Sahel Core,14.4089,-1.5507,31,31,31,2
2020-04-16,2020,2020Q2,2020-04,Burkina Faso,Sahel Core,14.33333,-1.25,31,31,31,2
2020-04-20,2020,2020Q2,2020-04,Burkina Faso,Sahel Core,13.88222,-1.7516,12,13,13,2
2020-04-26,2020,2020Q2,2020-04,Burkina Faso,Sahel Core,15.06528,-0.45967,1,1,1,2
2020-04-30,2020,2020Q2,2020-04,Burkina Faso,Sahel Core,14.33333,-1.25,13,12,13,2
2020-05-16,2020,2020Q2,2020-05,Burkina Faso,Sahel Core,14.33333,-1.25,3,3,3,2
2020-12-02,2020,2020Q4,2020-12,Burkina Faso,Sahel Core,14.28917,-1.27452,10,10,10,2
2021-02-08,2021,2021Q1,2021-02,Burkina Faso,Sahel Core,14.33333,-1.25,11,10,11,2
2021-02-08,2021,2021Q1,2021-02,Burkina Faso,Sahel Core,14.66667,-0.33333,10,11,10,2
2021-02-26,2021,2021Q1,2021-02,Burkina Faso,Sahel Core,14.33333,-1.25,20,21,19,2
2021-04-03,2021,2021Q2,2021-04,Burkina Faso,Sahel Core,14.60084,-0.71901,4,4,4,2
2021-08-22,2021,2021Q3,2021-08,Burkina Faso,Sahel Core,14.98752,-0.37602,17,17,17,2
2022-01-02,2022,2022Q1,2022-01,Burkina Faso,Sahel Core,14.66667,-0.33333,9,9,9,2
2022-09-10,2022,2022Q3,2022-09,Burkina Faso,Sahel Core,14.10366,-0.45126,7,7,7,2
2022-10-08,2022,2022Q4,2022-10,Burkina Faso,Sahel Core,14.4429,-0.23468,1,1,1,2
2022-10-10,2022,2022Q4,2022-10,Burkina Faso,Sahel Core,13.38079,0.46808,1,1,1,2
2022-11-15,2022,2022Q4,2022-11,Burkina Faso,Sahel Core,14.60084,-0.71901,5,5,5,2
2022-11-15,2022,2022Q4,2022-11,Burkina Faso,Sahel Core,15.01062,-0.67178,5,5,5,2
2022-11-20,2022,2022Q4,2022-11,Burkina Faso,Sahel Core,14.60084,-0.71901,4,4,4,2
2023-05-21,2023,2023Q2,2023-05,Burkina Faso,Sahel Core,13.56203,0.73575,21,21,21,2
2023-05-21,2023,2023Q2,2023-05,Burkina Faso,Sahel Core,13.605213,0.720801,21,21,21,2
2023-07-26,2023,2023Q3,2023-07,Burkina Faso,Sahel Core,14.573864,-0.781767,60,60,60,2
2023-09-27,2023,2023Q3,2023-09,Burkina Faso,Sahel Core,13.737019,-0.540411,6,9,6,2
2023-10-24,2023,2023Q4,2023-10,Burkina Faso,Sahel Core,13.538923,-0.040455,50,50,50,2
2024-02-27,2024,2024Q1,2024-02,Burkina Faso,Sahel Core,14.03279,-0.5195,2,2,0,2
2024-05-27,2024,2024Q2,2024-05,Burkina Faso,Sahel Core,14.66667,-0.33333,2,2,0,2
2024-10-31,2024,2024Q4,2024-10,Burkina Faso,Sahel Core,13.77274,0.43235,9,9,9,2
2022-01-23,2022,2022Q1,2022-01,Ghana,Littoral,11.058056,-0.241667,4,4,4,2
2022-08-16,2022,2022Q3,2022-08,Ghana,Littoral,10.787485,-0.857758,0,3,0,2
2022-12-17,2022,2022Q4,2022-12,Ghana,Littoral,11.058056,-0.241667,1,1,1,2
2022-12-17,2022,2022Q4,2022-12,Ghana,Littoral,11.058056,-0.241667,7,7,7,2
2022-12-24,2022,2022Q4,2022-12,Ghana,Littoral,11.058056,-0.241667,4,4,4,2
2023-01-01,2023,2023Q1,2023-01,Ghana,Littoral,10.348674,-0.79874,1,1,1,2
2023-01-06,2023,2023Q1,2023-01,Ghana,Littoral,10.348674,-0.79874,1,1,1,2
2023-02-06,2023,2023Q1,2023-02,Ghana,Littoral,11.058056,-0.241667,1,1,1,2
2023-02-07,2023,2023Q1,2023-02,Ghana,Littoral,11.058056,-0.241667,2,2,2,2
2023-02-09,2023,2023Q1,2023-02,Ghana,Littoral,11.045412,-0.224361,7,7,1,2
2023-06-23,2023,2023Q2,2023-06,Ghana,Littoral,10.97214,-0.30837,1,1,1,2
2023-07-18,2023,2023Q3,2023-07,Ghana,Littoral,11.058056,-0.241667,1,1,1,2
2023-09-21,2023,2023Q3,2023-09,Ghana,Littoral,11.0796,-0.1565,0,9,0,2
2023-11-27,2023,2023Q4,2023-11,Ghana,Littoral,11.058056,-0.241667,1,1,1,2
2024-01-17,2024,2024Q1,2024-01,Ghana,Littoral,11.058056,-0.241667,2,2,2,2
2024-01-22,2024,2024Q1,2024-01,Ghana,Littoral,11.058056,-0.241667,0,6,0,2
2024-01-23,2024,2024Q1,2024-01,Ghana,Littoral,11.058056,-0.241667,5,5,5,2
2020-11-09,2020,2020Q4,2020-11,Ivory Coast,Littoral,5.688622,-4.509095,3,3,3,3
2024-02-04,2024,2024Q1,2024-02,Mali,Sahel Core,16.781477,-3.635473,1,1,1,3
2024-05-13,2024,2024Q2,2024-05,Mali,Sahel Core,16.770456,-3.005588,0,2,0,3
2024-05-13,2024,2024Q2,2024-05,Mali,Sahel Core,16.41453,-3.67075,2,2,0,3
2024-07-07,2024,2024Q3,2024-07,Mali,Sahel Core,15.7118,-4.9118,1,1,1,3
2024-08-15,2024,2024Q3,2024-08,Mali,Sahel Core,15.7118,-4.9118,0,1,0,3
2024-10-04,2024,2024Q4,2024-10,Mali,Sahel Core,18.95528,2.4775,0,2,0,3
2024-10-16,2024,2024Q4,2024-10,Mali,Sahel Core,18.441111,1.407778,1,1,0,3
2024-10-31,2024,2024Q4,2024-10,Mali,Sahel Core,19.116667,1.75,1,1,0,3
2024-11-05,2024,2024Q4,2024-11,Mali,Sahel Core,14.6432,-6.6909,4,4,4,3
2024-11-05,2024,2024Q4,2024-11,Mali,Sahel Core,15.168751,-7.284659,2,2,2,3
2020-01-26,2020,2020Q1,2020-01,Mali,Sahel Core,14.2526,-5.993,2,2,2,3
2020-01-27,2020,2020Q1,2020-01,Mali,Sahel Core,14.1705,-6.0506,13,13,13,3
2020-01-30,2020,2020Q1,2020-01,Mali,Sahel Core,14.2526,-5.993,4,4,4,3
2020-01-30,2020,2020Q1,2020-01,Mali,Sahel Core,14.6937,-6.0197,4,4,4,3
2020-02-02,2020,2020Q1,2020-02,Mali,Sahel Core,14.2526,-5.993,5,5,5,3
2020-02-03,2020,2020Q1,2020-02,Mali,Sahel Core,14.2526,-5.993,5,5,5,3
2020-02-03,2020,2020Q1,2020-02,Mali,Sahel Core,14.7343,-6.0294,1,1,1,3
2020-02-07,2020,2020Q1,2020-02,Mali,Sahel Core,14.1705,-6.0506,8,8,8,3
2020-02-09,2020,2020Q1,2020-02,Mali,Sahel Core,14.6937,-6.0197,3,3,3,3
2020-02-11,2020,2020Q1,2020-02,Mali,Sahel Core,14.78819,-6.07089,5,5,5,3
2020-02-16,2020,2020Q1,2020-02,Mali,Sahel Core,14.6937,-6.0197,6,6,5,3
2020-02-20,2020,2020Q1,2020-02,Mali,Sahel Core,14.87277,-2.02559,2,3,2,3
2020-02-20,2020,2020Q1,2020-02,Mali,Sahel Core,15.06947,-2.40875,3,2,3,3
2020-02-21,2020,2020Q1,2020-02,Mali,Sahel Core,14.87277,-2.02559,6,6,6,3
2020-02-21,2020,2020Q1,2020-02,Mali,Sahel Core,15.06947,-2.40875,19,19,19,3
2020-03-03,2020,2020Q1,2020-03,Mali,Sahel Core,14.8059,-6.0182,9,9,9,3
2020-03-05,2020,2020Q1,2020-03,Mali,Sahel Core,14.86279,-1.77261,6,6,6,3
2020-03-05,2020,2020Q1,2020-03,Mali,Sahel Core,15.06947,-2.40875,6,6,6,3
2020-03-13,2020,2020Q1,2020-03,Mali,Sahel Core,14.724284,-1.502034,1,1,1,3
2020-03-14,2020,2020Q1,2020-03,Mali,Sahel Core,14.79832,-1.302596,16,16,16,3
2020-03-18,2020,2020Q1,2020-03,Mali,Sahel Core,14.6937,-6.0197,1,1,1,3
2020-03-19,2020,2020Q1,2020-03,Mali,Sahel Core,14.79832,-1.302596,11,11,11,3
2020-03-21,2020,2020Q1,2020-03,Mali,Sahel Core,14.79832,-1.302596,7,7,7,3
2020-03-24,2020,2020Q1,2020-03,Mali,Sahel Core,14.79832,-1.302596,12,12,12,3
2020-04-09,2020,2020Q2,2020-04,Mali,Sahel Core,14.225826,-4.278876,4,4,4,3
2020-04-12,2020,2020Q2,2020-04,Mali,Sahel Core,14.7776,-3.9203,4,4,4,3
2020-05-10,2020,2020Q2,2020-05,Mali,Sahel Core,14.451,-2.24422,6,6,6,3
2020-06-03,2020,2020Q2,2020-06,Mali,Sahel Core,14.65265,-1.77807,15,15,15,3
2020-06-05,2020,2020Q2,2020-06,Mali,Sahel Core,14.4609,-3.05639,37,37,37,3
2020-06-06,2020,2020Q2,2020-06,Mali,Sahel Core,14.1705,-6.0506,9,9,9,3
2020-07-30,2020,2020Q3,2020-07,Mali,Sahel Core,14.79832,-1.302596,2,2,2,3
2020-10-22,2020,2020Q4,2020-10,Mali,Sahel Core,13.74492,-3.35289,25,25,25,3
2021-01-11,2021,2021Q1,2021-01,Mali,Sahel Core,13.5025,-3.766,1,2,1,3
2021-01-12,2021,2021Q1,2021-01,Mali,Sahel Core,14.70312,-1.53784,3,3,3,3
2021-01-13,2021,2021Q1,2021-01,Mali,Sahel Core,14.724284,-1.502034,3,3,0,3
2021-03-01,2021,2021Q1,2021-03,Mali,Sahel Core,15.06947,-2.40875,3,3,3,3
2021-03-01,2021,2021Q1,2021-03,Mali,Sahel Core,15.373,-4.488,3,3,3,3
2021-03-06,2021,2021Q1,2021-03,Mali,Sahel Core,15.06947,-2.40875,1,1,1,3
2021-03-18,2021,2021Q1,2021-03,Mali,Sahel Core,15.07658,-2.21976,2,2,2,3
2021-10-02,2021,2021Q4,2021-10,Mali,Sahel Core,14.01667,-4.23333,3,34,0,3
2021-10-25,2021,2021Q4,2021-10,Mali,Sahel Core,14.2526,-5.993,8,8,8,3
2021-12-31,2021,2021Q4,2021-12,Mali,Sahel Core,14.8841,-6.8435,21,31,13,3
2022-01-03,2022,2022Q1,2022-01,Mali,Sahel Core,14.6432,-6.6909,2,2,2,3
2022-01-04,2022,2022Q1,2022-01,Mali,Sahel Core,14.00974,-4.12382,4,4,4,3
2022-01-14,2022,2022Q1,2022-01,Mali,Sahel Core,14.6937,-6.0197,3,3,3,3
2022-01-14,2022,2022Q1,2022-01,Mali,Sahel Core,14.6937,-6.0197,2,2,2,3
2022-01-17,2022,2022Q1,2022-01,Mali,Sahel Core,14.87019,-6.97706,16,16,16,3
2022-01-29,2022,2022Q1,2022-01,Mali,Sahel Core,14.0669,-3.3432,14,16,14,3
2022-03-02,2022,2022Q1,2022-03,Mali,Sahel Core,14.6937,-6.0197,35,35,35,3
2022-03-20,2022,2022Q1,2022-03,Mali,Sahel Core,14.339856,-2.948679,2,2,2,3
2022-03-20,2022,2022Q1,2022-03,Mali,Sahel Core,14.356451,-3.093225,4,4,4,3
2022-03-20,2022,2022Q1,2022-03,Mali,Sahel Core,14.4583,-2.82606,4,4,4,3
2022-03-20,2022,2022Q1,2022-03,Mali,Sahel Core,14.27934,-2.13542,2,2,2,3
2022-03-26,2022,2022Q1,2022-03,Mali,Sahel Core,15.6597,0.5022,0,17,0,3
2022-04-19,2022,2022Q2,2022-04,Mali,Sahel Core,15.27898,-1.70037,50,50,50,3
2022-05-28,2022,2022Q2,2022-05,Mali,Sahel Core,13.93506,-5.8285,16,16,16,3
2022-09-12,2022,2022Q3,2022-09,Mali,Sahel Core,15.065982,-2.533757,14,14,14,3
2022-09-18,2022,2022Q3,2022-09,Mali,Sahel Core,14.11543,-3.97499,50,50,50,3
2022-11-12,2022,2022Q4,2022-11,Mali,Sahel Core,14.0334,-3.262,0,4,0,3
2022-11-14,2022,2022Q4,2022-11,Mali,Sahel Core,13.88839,-2.96225,0,4,0,3
2022-11-21,2022,2022Q4,2022-11,Mali,Sahel Core,13.5559,-3.8023,4,3,4,3
2022-11-21,2022,2022Q4,2022-11,Mali,Sahel Core,13.5951,-3.77372,3,4,3,3
2022-12-06,2022,2022Q4,2022-12,Mali,Sahel Core,15.12,-5.047,4,5,4,3
2022-12-18,2022,2022Q4,2022-12,Mali,Sahel Core,14.79832,-1.302596,4,4,4,3
2023-01-20,2023,2023Q1,2023-01,Mali,Sahel Core,14.113635,-3.971025,2,2,2,3
2023-01-30,2023,2023Q1,2023-01,Mali,Sahel Core,14.02681,-4.11204,4,4,4,3
2023-02-03,2023,2023Q1,2023-02,Mali,Sahel Core,13.9282,-6.2083,13,13,13,3
2023-02-13,2023,2023Q1,2023-02,Mali,Sahel Core,14.1373,-5.2356,5,5,5,3
2023-03-06,2023,2023Q1,2023-03,Mali,Sahel Core,14.56,-4.673,1,1,1,3
2023-04-22,2023,2023Q2,2023-04,Mali,Sahel Core,15.168751,-7.284659,18,18,18,3
2023-06-11,2023,2023Q2,2023-06,Mali,Sahel Core,15.247391,-7.269189,9,9,9,3
2023-07-27,2023,2023Q3,2023-07,Mali,Sahel Core,14.871481,-6.764154,5,5,5,3
2023-08-09,2023,2023Q3,2023-08,Mali,Sahel Core,14.349621,-3.611147,1,1,1,3
2023-08-12,2023,2023Q3,2023-08,Mali,Sahel Core,13.847752,-7.323118,0,11,0,3
2023-08-12,2023,2023Q3,2023-08,Mali,Sahel Core,13.982049,-7.149543,0,10,0,3
2023-08-12,2023,2023Q3,2023-08,Mali,Sahel Core,14.281157,-6.923245,0,1,0,3
2023-09-24,2023,2023Q3,2023-09,Mali,Sahel Core,15.291279,-5.514368,14,14,14,3
2023-10-05,2023,2023Q4,2023-10,Mali,Sahel Core,17.792742,0.010754,17,17,17,3
2023-10-06,2023,2023Q4,2023-10,Mali,Sahel Core,17.847214,0.323268,0,3,0,3
2023-10-08,2023,2023Q4,2023-10,Mali,Sahel Core,18.043889,0.603056,0,7,0,3
2023-10-09,2023,2023Q4,2023-10,Mali,Sahel Core,18.043889,0.603056,9,9,9,3
2023-10-09,2023,2023Q4,2023-10,Mali,Sahel Core,18.043889,0.603056,3,3,3,3
2023-10-10,2023,2023Q4,2023-10,Mali,Sahel Core,17.478925,0.114759,2,2,2,3
2023-10-15,2023,2023Q4,2023-10,Mali,Sahel Core,15.911344,-4.927921,0,3,0,3
2023-10-15,2023,2023Q4,2023-10,Mali,Sahel Core,15.7118,-4.9118,0,3,0,3
2023-10-19,2023,2023Q4,2023-10,Mali,Sahel Core,16.102917,2.21964,4,5,4,3
2023-10-21,2023,2023Q4,2023-10,Mali,Sahel Core,15.7118,-4.9118,0,3,0,3
2023-10-21,2023,2023Q4,2023-10,Mali,Sahel Core,16.833055,-2.528888,2,3,2,3
2023-10-21,2023,2023Q4,2023-10,Mali,Sahel Core,14.981735,-5.606513,7,8,7,3
2023-10-29,2023,2023Q4,2023-10,Mali,Sahel Core,15.5499,-5.4113,0,7,0,3
2023-10-31,2023,2023Q4,2023-10,Mali,Sahel Core,15.726684,-4.642018,0,4,0,3
2023-11-07,2023,2023Q4,2023-11,Mali,Sahel Core,14.6937,-6.0197,6,6,6,3
2023-11-07,2023,2023Q4,2023-11,Mali,Sahel Core,14.23719,-6.02269,6,6,6,3
2023-11-11,2023,2023Q4,2023-11,Mali,Sahel Core,15.726684,-4.642018,3,3,3,3
2023-11-19,2023,2023Q4,2023-11,Mali,Sahel Core,15.6973,-4.7402,0,12,0,3
2023-11-19,2023,2023Q4,2023-11,Mali,Sahel Core,15.9322,-3.9906,0,1,0,3
2023-11-19,2023,2023Q4,2023-11,Mali,Sahel Core,15.683493,-4.728081,0,5,0,3
2023-11-20,2023,2023Q4,2023-11,Mali,Sahel Core,17.054167,-2.997222,0,3,0,3
2023-12-03,2023,2023Q4,2023-12,Mali,Sahel Core,16.833055,-2.528888,0,2,0,3
2023-12-03,2023,2023Q4,2023-12,Mali,Sahel Core,18.441111,1.407778,0,5,0,3
2023-12-07,2023,2023Q4,2023-12,Mali,Sahel Core,16.617571,-2.68485,3,3,3,3
2023-12-07,2023,2023Q4,2023-12,Mali,Sahel Core,16.721044,-2.690745,0,2,0,3
2023-12-18,2023,2023Q4,2023-12,Mali,Sahel Core,15.4701,-4.6122,21,28,21,3
2024-02-05,2024,2024Q1,2024-02,Mali,Sahel Core,15.726684,-4.642018,8,8,8,3
2024-04-03,2024,2024Q2,2024-04,Mali,Sahel Core,14.632146,-9.172636,4,4,0,3
2024-05-02,2024,2024Q2,2024-05,Mali,Sahel Core,14.15946,-5.92695,6,6,6,3
2024-10-23,2024,2024Q4,2024-10,Mali,Sahel Core,17.505472,-2.59,0,2,0,3
2020-02-06,2020,2020Q1,2020-02,Mali,Sahel Core,15.736902,0.780081,2,2,2,3
2020-05-02,2020,2020Q2,2020-05,Mali,Sahel Core,16.72237,0.43984,7,7,7,3
2020-07-06,2020,2020Q3,2020-07,Mali,Sahel Core,15.868598,1.527557,5,5,5,3
2020-07-19,2020,2020Q3,2020-07,Mali,Sahel Core,15.87444,2.13556,2,2,2,3
2020-12-26,2020,2020Q4,2020-12,Mali,Sahel Core,15.736902,0.780081,2,2,2,3
2021-06-01,2021,2021Q2,2021-06,Mali,Sahel Core,16.271667,-0.044722,2,3,2,3
2021-06-04,2021,2021Q2,2021-06,Mali,Sahel Core,15.9182,2.4022,11,11,11,3
2021-08-08,2021,2021Q3,2021-08,Mali,Sahel Core,15.1322,0.6795,21,21,21,3
2021-08-08,2021,2021Q3,2021-08,Mali,Sahel Core,15.1716,0.7131,7,10,7,3
2021-08-08,2021,2021Q3,2021-08,Mali,Sahel Core,15.1787,0.7238,14,14,14,3
2021-08-19,2021,2021Q3,2021-08,Mali,Sahel Core,16.66166,2.70226,1,1,1,3
2021-08-29,2021,2021Q3,2021-08,Mali,Sahel Core,16.66166,2.70226,1,1,1,3
2021-10-24,2021,2021Q4,2021-10,Mali,Sahel Core,15.868598,1.527557,8,12,8,3
2022-02-08,2022,2022Q1,2022-02,Mali,Sahel Core,15.2238,0.2925,10,10,10,3
2022-02-08,2022,2022Q1,2022-02,Mali,Sahel Core,15.314583,-0.00848,10,10,10,3
2022-02-08,2022,2022Q1,2022-02,Mali,Sahel Core,15.1271,0.0132,10,10,10,3
2022-02-08,2022,2022Q1,2022-02,Mali,Sahel Core,15.1493,0.3916,10,10,10,3
2022-02-27,2022,2022Q1,2022-02,Mali,Sahel Core,15.631216,2.89242,5,5,5,3
2022-03-08,2022,2022Q1,2022-03,Mali,Sahel Core,15.781379,3.697446,60,169,60,3
2022-03-08,2022,2022Q1,2022-03,Mali,Sahel Core,15.605,3.386389,11,11,11,3
2022-03-08,2022,2022Q1,2022-03,Mali,Sahel Core,15.781379,3.697446,20,20,20,3
2022-03-09,2022,2022Q1,2022-03,Mali,Sahel Core,15.605,3.386389,10,10,10,3
2022-03-12,2022,2022Q1,2022-03,Mali,Sahel Core,15.4275,3.0175,35,42,35,3
2022-03-15,2022,2022Q1,2022-03,Mali,Sahel Core,16.66166,2.70226,10,10,10,3
2022-03-15,2022,2022Q1,2022-03,Mali,Sahel Core,15.3826,2.1009,10,10,10,3
2022-03-16,2022,2022Q1,2022-03,Mali,Sahel Core,16.09862,1.69195,5,24,5,3
2022-03-16,2022,2022Q1,2022-03,Mali,Sahel Core,16.09862,1.69195,5,5,5,3
2022-03-19,2022,2022Q1,2022-03,Mali,Sahel Core,15.868598,1.527557,20,20,20,3
2022-03-20,2022,2022Q1,2022-03,Mali,Sahel Core,16.555704,1.696775,30,30,30,3
2022-03-28,2022,2022Q1,2022-03,Mali,Sahel Core,15.731,3.1183,15,15,15,3
2022-03-28,2022,2022Q1,2022-03,Mali,Sahel Core,15.948679,3.157282,105,105,105,3
2022-03-28,2022,2022Q1,2022-03,Mali,Sahel Core,15.741085,3.355822,43,43,43,3
2022-03-28,2022,2022Q1,2022-03,Mali,Sahel Core,15.42774,3.11034,33,33,33,3
2022-03-28,2022,2022Q1,2022-03,Mali,Sahel Core,15.643508,3.30255,40,40,40,3
2022-04-29,2022,2022Q2,2022-04,Mali,Sahel Core,16.486641,2.1829,4,4,4,3
2022-05-14,2022,2022Q2,2022-05,Mali,Sahel Core,15.952644,0.634136,10,17,10,3
2022-05-20,2022,2022Q2,2022-05,Mali,Sahel Core,16.042484,3.431967,3,3,3,3
2022-05-22,2022,2022Q2,2022-05,Mali,Sahel Core,17.236452,3.671315,21,61,21,3
2022-05-22,2022,2022Q2,2022-05,Mali,Sahel Core,15.948679,3.157282,9,9,9,3
2022-06-12,2022,2022Q2,2022-06,Mali,Sahel Core,16.49264,2.19002,22,22,22,3
2022-07-27,2022,2022Q3,2022-07,Mali,Sahel Core,16.10259,2.82863,12,12,12,3
2022-07-27,2022,2022Q3,2022-07,Mali,Sahel Core,17.236452,3.671315,5,5,5,3
2022-08-06,2022,2022Q3,2022-08,Mali,Sahel Core,16.75391,2.76117,4,4,4,3
2022-08-06,2022,2022Q3,2022-08,Mali,Sahel Core,16.66166,2.70226,8,8,8,3
2022-08-07,2022,2022Q3,2022-08,Mali,Sahel Core,16.8755,3.4825,20,20,20,3
2022-08-12,2022,2022Q3,2022-08,Mali,Sahel Core,15.803665,2.526749,20,20,20,3
2022-09-02,2022,2022Q3,2022-09,Mali,Sahel Core,16.2037,-0.4769,2,2,2,3
2022-09-06,2022,2022Q3,2022-09,Mali,Sahel Core,16.533333,1.516667,42,42,30,3
2022-09-18,2022,2022Q3,2022-09,Mali,Sahel Core,15.582508,0.888687,2,2,2,3
2022-10-31,2022,2022Q4,2022-10,Mali,Sahel Core,16.048392,0.111277,3,3,3,3
2022-10-31,2022,2022Q4,2022-10,Mali,Sahel Core,16.499166,0.653055,4,4,4,3
2022-11-21,2022,2022Q4,2022-11,Mali,Sahel Core,16.29337,-0.06643,11,11,10,3
2022-11-23,2022,2022Q4,2022-11,Mali,Sahel Core,16.159722,0.066111,3,3,2,3
2023-01-05,2023,2023Q1,2023-01,Mali,Sahel Core,16.66166,2.70226,4,4,4,3
2023-01-05,2023,2023Q1,2023-01,Mali,Sahel Core,16.149712,2.5926,4,4,4,3
2023-01-14,2023,2023Q1,2023-01,Mali,Sahel Core,17.236452,3.671315,3,3,3,3
2023-02-02,2023,2023Q1,2023-02,Mali,Sahel Core,15.81908,-0.413032,2,24,2,3
2023-02-26,2023,2023Q1,2023-02,Mali,Sahel Core,15.9426,2.88706,9,9,9,3
2023-02-27,2023,2023Q1,2023-02,Mali,Sahel Core,15.5277,0.5896,2,2,2,3
2023-02-27,2023,2023Q1,2023-02,Mali,Sahel Core,16.66166,2.70226,4,4,4,3
2023-03-14,2023,2023Q1,2023-03,Mali,Sahel Core,16.34283,0.2784,8,15,8,3
2023-04-13,2023,2023Q2,2023-04,Mali,Sahel Core,16.66166,2.70226,3,3,3,3
2023-04-17,2023,2023Q2,2023-04,Mali,Sahel Core,16.74091,0.76442,7,7,7,3
2023-04-23,2023,2023Q2,2023-04,Mali,Sahel Core,16.271667,-0.044722,2,2,2,3
2023-05-12,2023,2023Q2,2023-05,Mali,Sahel Core,15.9182,2.4022,1,1,1,3
2023-05-12,2023,2023Q2,2023-05,Mali,Sahel Core,14.96972,0.703956,4,4,4,3
2023-06-03,2023,2023Q2,2023-06,Mali,Sahel Core,15.067606,-1.148414,15,15,15,3
2023-06-10,2023,2023Q2,2023-06,Mali,Sahel Core,17.305718,2.313463,10,10,10,3
2023-06-27,2023,2023Q2,2023-06,Mali,Sahel Core,15.7889,0.2738,4,4,4,3
2023-06-27,2023,2023Q2,2023-06,Mali,Sahel Core,15.822799,0.259841,11,11,11,3
2023-08-05,2023,2023Q3,2023-08,Mali,Sahel Core,15.9182,2.4022,1,1,1,3
2023-08-09,2023,2023Q3,2023-08,Mali,Sahel Core,15.4275,3.0175,2,2,2,3
2023-08-20,2023,2023Q3,2023-08,Mali,Sahel Core,15.9182,2.4022,1,1,1,3
2023-09-06,2023,2023Q3,2023-09,Mali,Sahel Core,15.9182,2.4022,1,1,1,3
2023-09-16,2023,2023Q3,2023-09,Mali,Sahel Core,15.867153,0.223747,9,9,9,3
2023-10-09,2023,2023Q4,2023-10,Mali,Sahel Core,16.486641,2.1829,2,2,2,3
2023-10-25,2023,2023Q4,2023-10,Mali,Sahel Core,16.66166,2.70226,4,4,4,3
2023-10-27,2023,2023Q4,2023-10,Mali,Sahel Core,16.66166,2.70226,4,4,4,3
2023-11-21,2023,2023Q4,2023-11,Mali,Sahel Core,15.927395,0.216296,5,5,5,3
2024-01-24,2024,2024Q1,2024-01,Mali,Sahel Core,17.26083,2.99194,1,1,1,3
2024-02-19,2024,2024Q1,2024-02,Mali,Sahel Core,17.220556,4.099444,7,7,7,3
2024-03-01,2024,2024Q1,2024-03,Mali,Sahel Core,15.1077,0.2301,2,2,2,3
2024-03-12,2024,2024Q1,2024-03,Mali,Sahel Core,16.66166,2.70226,4,4,4,3
2024-03-21,2024,2024Q1,2024-03,Mali,Sahel Core,15.927395,0.216296,1,1,0,3
2024-04-02,2024,2024Q2,2024-04,Mali,Sahel Core,15.927395,0.216296,2,2,2,3
2024-04-02,2024,2024Q2,2024-04,Mali,Sahel Core,15.1077,0.2301,2,2,2,3
2024-05-22,2024,2024Q2,2024-05,Mali,Sahel Core,15.451926,0.730598,3,3,3,3
2024-06-19,2024,2024Q2,2024-06,Mali,Sahel Core,15.5557,0.4944,3,3,3,3
2024-06-30,2024,2024Q2,2024-06,Mali,Sahel Core,16.3438,-0.6151,0,5,0,3
2024-07-19,2024,2024Q3,2024-07,Mali,Sahel Core,15.9182,2.4022,7,7,7,3
2024-08-16,2024,2024Q3,2024-08,Mali,Sahel Core,16.164027,0.001496,3,3,3,3
2020-02-17,2020,2020Q1,2020-02,Mali,Sahel Core,14.464,-3.30849,5,5,0,2
2020-04-21,2020,2020Q2,2020-04,Mali,Sahel Core,14.349621,-3.611147,12,12,0,2
2020-08-02,2020,2020Q3,2020-08,Mali,Sahel Core,16.32869,-4.95912,15,15,15,2
2020-01-03,2020,2020Q1,2020-01,Mali,Sahel Core,14.2526,-5.993,1,1,1,1
2020-01-04,2020,2020Q1,2020-01,Mali,Sahel Core,14.872351,-2.363182,12,12,12,1
2020-01-06,2020,2020Q1,2020-01,Mali,Sahel Core,14.811692,-5.958449,7,7,7,1
2020-01-09,2020,2020Q1,2020-01,Mali,Sahel Core,15.0191,-4.2324,3,3,3,1
2020-01-10,2020,2020Q1,2020-01,Mali,Sahel Core,14.666667,-4.0,3,3,3,1
2020-01-11,2020,2020Q1,2020-01,Mali,Sahel Core,14.54,-9.1921,0,1,0,1
2020-01-14,2020,2020Q1,2020-01,Mali,Sahel Core,14.77995,-4.09297,30,30,30,1
2020-01-21,2020,2020Q1,2020-01,Mali,Sahel Core,15.00155,-2.94978,2,2,2,1
2020-01-22,2020,2020Q1,2020-01,Mali,Sahel Core,14.31558,-2.7403,7,7,7,1
2020-01-26,2020,2020Q1,2020-01,Mali,Sahel Core,14.7328,-6.1219,23,24,23,1
2020-02-06,2020,2020Q1,2020-02,Mali,Sahel Core,15.99791,-1.26703,2,2,2,1
2020-02-06,2020,2020Q1,2020-02,Mali,Sahel Core,14.451,-2.24422,3,34,3,1
2020-02-07,2020,2020Q1,2020-02,Mali,Sahel Core,15.99791,-1.26703,15,30,15,1
2020-02-09,2020,2020Q1,2020-02,Mali,Sahel Core,14.811692,-5.958449,3,3,0,1
2020-02-10,2020,2020Q1,2020-02,Mali,Sahel Core,14.54,-9.1921,3,3,3,1
2020-02-16,2020,2020Q1,2020-02,Mali,Sahel Core,14.77995,-4.09297,0,1,0,1
2020-02-18,2020,2020Q1,2020-02,Mali,Sahel Core,12.95007,-5.76024,1,1,1,1
2020-02-23,2020,2020Q1,2020-02,Mali,Sahel Core,15.85207,-2.78604,6,6,6,1
2020-03-01,2020,2020Q1,2020-03,Mali,Sahel Core,14.67619,-1.95127,7,7,7,1
2020-03-19,2020,2020Q1,2020-03,Mali,Sahel Core,17.478925,0.114759,30,30,30,1
2020-03-25,2020,2020Q1,2020-03,Mali,Sahel Core,13.6226,-3.3705,2,2,2,1
2020-03-27,2020,2020Q1,2020-03,Mali,Sahel Core,14.15246,-4.50891,5,5,5,1
2020-04-02,2020,2020Q2,2020-04,Mali,Sahel Core,14.79832,-1.302596,0,1,0,1
2020-04-04,2020,2020Q2,2020-04,Mali,Sahel Core,14.99556,-7.66836,3,3,3,1
2020-04-06,2020,2020Q2,2020-04,Mali,Sahel Core,17.033333,-1.4,35,37,35,1
2020-04-09,2020,2020Q2,2020-04,Mali,Sahel Core,13.172348,-9.428596,1,1,1,1
2020-04-09,2020,2020Q2,2020-04,Mali,Sahel Core,14.18201,-2.6574,4,4,4,1
2020-04-14,2020,2020Q2,2020-04,Mali,Sahel Core,15.17512,-1.70396,3,3,0,1
2020-04-23,2020,2020Q2,2020-04,Mali,Sahel Core,15.819607,-1.291135,2,2,0,1
2020-04-28,2020,2020Q2,2020-04,Mali,Sahel Core,14.2223,-4.49593,4,4,4,1
2020-05-02,2020,2020Q2,2020-05,Mali,Sahel Core,15.819607,-1.291135,0,1,0,1
2020-05-05,2020,2020Q2,2020-05,Mali,Sahel Core,14.058,-3.77939,1,1,1,1
2020-05-10,2020,2020Q2,2020-05,Mali,Sahel Core,19.461389,0.858889,3,3,3,1
2020-05-12,2020,2020Q2,2020-05,Mali,Sahel Core,14.79832,-1.302596,0,2,0,1
2020-05-13,2020,2020Q2,2020-05,Mali,Sahel Core,14.31558,-2.7403,9,9,9,1
2020-05-26,2020,2020Q2,2020-05,Mali,Sahel Core,14.79832,-1.302596,0,38,0,1
2020-05-29,2020,2020Q2,2020-05,Mali,Sahel Core,16.770456,-3.005588,1,3,1,1
2020-06-02,2020,2020Q2,2020-06,Mali,Sahel Core,14.45,-3.83,1,1,1,1
2020-06-03,2020,2020Q2,2020-06,Mali,Sahel Core,20.25999,1.8002,4,4,4,1
2020-06-07,2020,2020Q2,2020-06,Mali,Sahel Core,15.00155,-2.94978,8,8,0,1
2020-06-14,2020,2020Q2,2020-06,Mali,Sahel Core,17.478925,0.114759,2,2,2,1
2020-06-14,2020,2020Q2,2020-06,Mali,Sahel Core,14.0121,-5.6042,25,28,25,1
2020-06-26,2020,2020Q2,2020-06,Mali,Sahel Core,14.451,-2.24422,4,4,4,1
2020-07-02,2020,2020Q3,2020-07,Mali,Sahel Core,13.5938,-3.595,9,9,9,1
2020-07-21,2020,2020Q3,2020-07,Mali,Sahel Core,14.060635,-3.47052,2,2,2,1
2020-07-23,2020,2020Q3,2020-07,Mali,Sahel Core,15.819607,-1.291135,4,4,4,1
2020-08-02,2020,2020Q3,2020-08,Mali,Sahel Core,14.6937,-6.0197,5,5,5,1
2020-08-10,2020,2020Q3,2020-08,Mali,Sahel Core,12.84217,-4.9245,2,2,2,1
2020-08-15,2020,2020Q3,2020-08,Mali,Sahel Core,19.116667,1.75,2,2,2,1
2020-08-21,2020,2020Q3,2020-08,Mali,Sahel Core,14.2634,-3.6618,2,2,2,1
2020-08-22,2020,2020Q3,2020-08,Mali,Sahel Core,14.339856,-2.948679,4,4,4,1
2020-08-27,2020,2020Q3,2020-08,Mali,Sahel Core,14.9961,-3.61399,4,4,4,1
2020-08-27,2020,2020Q3,2020-08,Mali,Sahel Core,14.9961,-3.61399,0,1,0,1
2020-09-03,2020,2020Q3,2020-09,Mali,Sahel Core,14.6432,-6.6909,10,10,10,1
2020-09-05,2020,2020Q3,2020-09,Mali,Sahel Core,20.198611,1.011389,2,2,2,1
2020-09-09,2020,2020Q3,2020-09,Mali,Sahel Core,14.811692,-5.958449,3,4,0,1
2020-09-10,2020,2020Q3,2020-09,Mali,Sahel Core,12.4117,-4.5393,2,2,2,1
2020-09-11,2020,2020Q3,2020-09,Mali,Sahel Core,12.4117,-4.5393,6,6,6,1
2020-09-20,2020,2020Q3,2020-09,Mali,Sahel Core,16.271667,-0.044722,1,1,1,1
2020-09-22,2020,2020Q3,2020-09,Mali,Sahel Core,13.88509,-8.09292,1,1,1,1
2020-09-23,2020,2020Q3,2020-09,Mali,Sahel Core,14.79832,-1.302596,3,3,0,1
2020-09-29,2020,2020Q3,2020-09,Mali,Sahel Core,15.17629,-2.39588,2,3,2,1
2020-10-01,2020,2020Q4,2020-10,Mali,Sahel Core,15.736902,0.780081,3,3,3,1
2020-10-01,2020,2020Q4,2020-10,Mali,Sahel Core,16.770456,-3.005588,2,2,2,1
2020-10-06,2020,2020Q4,2020-10,Mali,Sahel Core,14.0334,-3.262,3,3,3,1
2020-10-13,2020,2020Q4,2020-10,Mali,Sahel Core,13.5025,-3.766,9,9,9,1
2020-10-13,2020,2020Q4,2020-10,Mali,Sahel Core,14.1891,-3.74879,12,16,12,1
2020-10-13,2020,2020Q4,2020-10,Mali,Sahel Core,14.1891,-3.74879,12,14,12,1
2020-10-15,2020,2020Q4,2020-10,Mali,Sahel Core,18.45173,1.275488,1,1,1,1
2020-10-30,2020,2020Q4,2020-10,Mali,Sahel Core,14.79832,-1.302596,51,51,51,1
2020-11-01,2020,2020Q4,2020-11,Mali,Sahel Core,14.8921,-6.1414,1,1,1,1
2020-11-06,2020,2020Q4,2020-11,Mali,Sahel Core,15.546111,-0.460556,10,10,10,1
2020-11-10,2020,2020Q4,2020-11,Mali,Sahel Core,17.305718,2.313463,5,5,5,1
2020-11-12,2020,2020Q4,2020-11,Mali,Sahel Core,14.53724,-2.6354,30,36,30,1
2020-11-17,2020,2020Q4,2020-11,Mali,Sahel Core,14.79832,-1.302596,0,1,0,1
2020-11-20,2020,2020Q4,2020-11,Mali,Sahel Core,14.79832,-1.302596,0,1,0,1
2020-12-10,2020,2020Q4,2020-12,Mali,Sahel Core,15.1999,-0.82833,6,6,6,1
2020-12-15,2020,2020Q4,2020-12,Mali,Sahel Core,15.27898,-1.70037,1,1,1,1
2020-12-19,2020,2020Q4,2020-12,Mali,Sahel Core,14.872351,-2.363182,0,1,0,1
2020-12-28,2020,2020Q4,2020-12,Mali,Sahel Core,15.25632,-1.61138,3,3,3,1
2020-12-29,2020,2020Q4,2020-12,Mali,Sahel Core,14.9961,-3.61399,2,2,2,1
2021-01-02,2021,2021Q1,2021-01,Mali,Sahel Core,15.958173,2.383617,2,2,2,1
2021-01-03,2021,2021Q1,2021-01,Mali,Sahel Core,15.208722,-2.582555,22,22,22,1
2021-01-08,2021,2021Q1,2021-01,Mali,Sahel Core,14.87277,-2.02559,1,1,1,1
2021-01-08,2021,2021Q1,2021-01,Mali,Sahel Core,15.7118,-4.9118,2,2,2,1
2021-01-09,2021,2021Q1,2021-01,Mali,Sahel Core,14.964068,-7.514675,2,2,2,1
2021-01-09,2021,2021Q1,2021-01,Mali,Sahel Core,14.79832,-1.302596,15,24,15,1
2021-01-11,2021,2021Q1,2021-01,Mali,Sahel Core,14.82833,-1.9537,1,2,1,1
2021-01-13,2021,2021Q1,2021-01,Mali,Sahel Core,15.85207,-2.78604,4,4,4,1
2021-01-15,2021,2021Q1,2021-01,Mali,Sahel Core,20.198611,1.011389,1,1,1,1
2021-01-24,2021,2021Q1,2021-01,Mali,Sahel Core,14.79832,-1.302596,19,19,19,1
2021-01-24,2021,2021Q1,2021-01,Mali,Sahel Core,14.67619,-1.95127,17,17,17,1
2021-01-25,2021,2021Q1,2021-01,Mali,Sahel Core,16.41453,-3.67075,1,1,1,1
2021-02-01,2021,2021Q1,2021-02,Mali,Sahel Core,16.07979,-1.76981,15,15,15,1
2021-02-03,2021,2021Q1,2021-02,Mali,Sahel Core,15.07658,-2.21976,29,30,29,1
2021-02-05,2021,2021Q1,2021-02,Mali,Sahel Core,14.79832,-1.302596,1,1,1,1
2021-02-10,2021,2021Q1,2021-02,Mali,Sahel Core,15.03076,-2.68632,2,2,2,1
2021-02-13,2021,2021Q1,2021-02,Mali,Sahel Core,15.819607,-1.291135,1,1,1,1
2021-02-14,2021,2021Q1,2021-02,Mali,Sahel Core,14.8252,-5.2547,2,2,2,1
2021-02-14,2021,2021Q1,2021-02,Mali,Sahel Core,13.9641,-5.35791,0,1,0,1
2021-02-23,2021,2021Q1,2021-02,Mali,Sahel Core,14.70329,-3.98211,2,2,2,1
2021-02-24,2021,2021Q1,2021-02,Mali,Sahel Core,15.3761,-0.9017,0,1,0,1
2021-02-25,2021,2021Q1,2021-02,Mali,Sahel Core,14.349621,-3.611147,9,9,9,1
2021-03-01,2021,2021Q1,2021-03,Mali,Sahel Core,11.120625,-5.361924,1,3,1,1
2021-03-02,2021,2021Q1,2021-03,Mali,Sahel Core,15.4701,-4.6122,0,1,0,1
2021-03-04,2021,2021Q1,2021-03,Mali,Sahel Core,14.451,-2.24422,9,9,9,1
2021-03-04,2021,2021Q1,2021-03,Mali,Sahel Core,13.30335,-4.89562,0,3,0,1
2021-03-07,2021,2021Q1,2021-03,Mali,Sahel Core,15.07658,-2.21976,4,4,4,1
2021-03-13,2021,2021Q1,2021-03,Mali,Sahel Core,14.67619,-1.95127,0,1,0,1
2021-03-18,2021,2021Q1,2021-03,Mali,Sahel Core,15.07658,-2.21976,1,1,1,1
2021-03-25,2021,2021Q1,2021-03,Mali,Sahel Core,14.4843,-4.18296,1,1,1,1
2021-03-25,2021,2021Q1,2021-03,Mali,Sahel Core,16.533333,1.516667,6,6,6,1
2021-03-27,2021,2021Q1,2021-03,Mali,Sahel Core,13.0197,-4.4644,1,1,1,1
2021-03-31,2021,2021Q1,2021-03,Mali,Sahel Core,18.441111,1.407778,2,2,2,1
2021-04-02,2021,2021Q2,2021-04,Mali,Sahel Core,14.13814,-5.01781,13,13,13,1
2021-04-02,2021,2021Q2,2021-04,Mali,Sahel Core,19.461389,0.858889,44,44,44,1
2021-04-04,2021,2021Q2,2021-04,Mali,Sahel Core,12.78669,-4.36146,7,7,7,1
2021-04-06,2021,2021Q2,2021-04,Mali,Sahel Core,14.94329,-3.89474,13,13,13,1
2021-04-15,2021,2021Q2,2021-04,Mali,Sahel Core,14.79832,-1.302596,2,2,2,1
2021-04-15,2021,2021Q2,2021-04,Mali,Sahel Core,14.67619,-1.95127,1,1,1,1
2021-04-16,2021,2021Q2,2021-04,Mali,Sahel Core,14.79832,-1.302596,12,12,12,1
2021-04-19,2021,2021Q2,2021-04,Mali,Sahel Core,15.99791,-1.26703,0,1,0,1
2021-04-26,2021,2021Q2,2021-04,Mali,Sahel Core,14.811692,-5.958449,26,27,26,1
2021-05-03,2021,2021Q2,2021-05,Mali,Sahel Core,14.9961,-3.61399,1,1,1,1
2021-05-06,2021,2021Q2,2021-05,Mali,Sahel Core,12.48236,-8.59799,2,2,2,1
2021-05-07,2021,2021Q2,2021-05,Mali,Sahel Core,15.27898,-1.70037,3,3,3,1
2021-05-08,2021,2021Q2,2021-05,Mali,Sahel Core,20.198611,1.011389,3,3,3,1
2021-05-12,2021,2021Q2,2021-05,Mali,Sahel Core,13.28737,-4.59317,4,9,4,1
2021-05-19,2021,2021Q2,2021-05,Mali,Sahel Core,16.271667,-0.044722,18,18,18,1
2021-05-24,2021,2021Q2,2021-05,Mali,Sahel Core,14.86279,-1.77261,0,1,0,1
2021-05-24,2021,2021Q2,2021-05,Mali,Sahel Core,14.811692,-5.958449,5,5,5,1
2021-05-30,2021,2021Q2,2021-05,Mali,Sahel Core,11.41769,-7.48323,5,5,5,1
2021-06-05,2021,2021Q2,2021-06,Mali,Sahel Core,19.461389,0.858889,4,4,4,1
2021-06-12,2021,2021Q2,2021-06,Mali,Sahel Core,16.72237,0.43984,2,2,2,1
2021-06-21,2021,2021Q2,2021-06,Mali,Sahel Core,15.819607,-1.291135,7,7,7,1
2021-06-22,2021,2021Q2,2021-06,Mali,Sahel Core,15.819607,-1.291135,0,1,0,1
2021-06-24,2021,2021Q2,2021-06,Mali,Sahel Core,15.07658,-2.21976,0,1,0,1
2021-06-25,2021,2021Q2,2021-06,Mali,Sahel Core,15.07658,-2.21976,7,7,7,1
2021-07-04,2021,2021Q3,2021-07,Mali,Sahel Core,15.7118,-4.9118,4,4,4,1
2021-07-16,2021,2021Q3,2021-07,Mali,Sahel Core,11.90025,-5.40598,0,1,0,1
2021-07-17,2021,2021Q3,2021-07,Mali,Sahel Core,13.2312,-4.881,3,3,3,1
2021-08-09,2021,2021Q3,2021-08,Mali,Sahel Core,14.6408,-5.8276,2,2,2,1
2021-08-15,2021,2021Q3,2021-08,Mali,Sahel Core,15.9182,2.4022,3,3,0,1
2021-08-19,2021,2021Q3,2021-08,Mali,Sahel Core,15.17629,-2.39588,17,17,17,1
2021-09-01,2021,2021Q3,2021-09,Mali,Sahel Core,15.08969,-2.74171,2,2,2,1
2021-09-12,2021,2021Q3,2021-09,Mali,Sahel Core,13.91671,-5.76674,8,8,8,1
2021-09-14,2021,2021Q3,2021-09,Mali,Sahel Core,12.13213,-4.62951,4,4,4,1
2021-09-14,2021,2021Q3,2021-09,Mali,Sahel Core,12.13213,-4.62951,2,4,2,1
2021-09-20,2021,2021Q3,2021-09,Mali,Sahel Core,14.1891,-3.74879,4,4,4,1
2021-09-24,2021,2021Q3,2021-09,Mali,Sahel Core,15.3761,-0.9017,0,2,0,1
2021-09-27,2021,2021Q3,2021-09,Mali,Sahel Core,16.07979,-1.76981,0,1,0,1
2021-09-28,2021,2021Q3,2021-09,Mali,Sahel Core,14.1506,-8.0422,5,6,5,1
2021-10-02,2021,2021Q4,2021-10,Mali,Sahel Core,20.198611,1.011389,1,1,1,1
2021-10-06,2021,2021Q4,2021-10,Mali,Sahel Core,14.2482,-3.68829,31,31,31,1
2021-10-07,2021,2021Q4,2021-10,Mali,Sahel Core,15.23331,-1.5662,1,1,1,1
2021-10-15,2021,2021Q4,2021-10,Mali,Sahel Core,14.02681,-4.11204,2,2,2,1
2021-10-16,2021,2021Q4,2021-10,Mali,Sahel Core,16.2912,-2.17062,5,5,5,1
2021-10-17,2021,2021Q4,2021-10,Mali,Sahel Core,16.6314,-3.32532,5,5,5,1
2021-10-18,2021,2021Q4,2021-10,Mali,Sahel Core,15.994822,-0.920925,1,1,1,1
2021-10-30,2021,2021Q4,2021-10,Mali,Sahel Core,14.60789,-6.04305,5,5,5,1
2021-10-30,2021,2021Q4,2021-10,Mali,Sahel Core,14.42506,-7.64157,2,2,2,1
2021-11-06,2021,2021Q4,2021-11,Mali,Sahel Core,13.958393,-4.618199,1,1,1,1
2021-11-14,2021,2021Q4,2021-11,Mali,Sahel Core,14.6432,-6.6909,13,13,13,1
2021-11-22,2021,2021Q4,2021-11,Mali,Sahel Core,20.198611,1.011389,1,1,1,1
2021-12-03,2021,2021Q4,2021-12,Mali,Sahel Core,16.408914,-1.766287,4,4,4,1
2021-12-08,2021,2021Q4,2021-12,Mali,Sahel Core,14.916657,-3.761956,7,7,7,1
2021-12-11,2021,2021Q4,2021-12,Mali,Sahel Core,18.441111,1.407778,2,2,2,1
2021-12-12,2021,2021Q4,2021-12,Mali,Sahel Core,14.500037,-3.629037,2,3,2,1
2021-12-18,2021,2021Q4,2021-12,Mali,Sahel Core,14.635448,-5.029386,3,3,3,1
2021-12-27,2021,2021Q4,2021-12,Mali,Sahel Core,14.6937,-6.0197,1,1,1,1
2021-12-29,2021,2021Q4,2021-12,Mali,Sahel Core,14.6432,-6.6909,53,53,18,1
2021-12-30,2021,2021Q4,2021-12,Mali,Sahel Core,11.48647,-5.48157,1,1,1,1
2022-01-12,2022,2022Q1,2022-01,Mali,Sahel Core,13.6144,-3.8994,1,2,1,1
2022-01-12,2022,2022Q1,2022-01,Mali,Sahel Core,13.58497,-3.90993,1,1,1,1
2022-01-12,2022,2022Q1,2022-01,Mali,Sahel Core,13.777682,-3.772306,2,1,1,1
2022-01-13,2022,2022Q1,2022-01,Mali,Sahel Core,14.1358,-3.84519,1,1,1,1
2022-01-15,2022,2022Q1,2022-01,Mali,Sahel Core,14.811692,-5.958449,9,9,9,1
2022-01-17,2022,2022Q1,2022-01,Mali,Sahel Core,11.487966,-5.91121,2,2,2,1
2022-01-17,2022,2022Q1,2022-01,Mali,Sahel Core,11.380628,-7.470089,2,2,2,1
2022-01-17,2022,2022Q1,2022-01,Mali,Sahel Core,13.684268,-6.370286,2,1,2,1
2022-01-17,2022,2022Q1,2022-01,Mali,Sahel Core,14.964068,-7.514675,21,21,21,1
2022-01-17,2022,2022Q1,2022-01,Mali,Sahel Core,14.77995,-4.09297,1,2,1,1
2022-01-17,2022,2022Q1,2022-01,Mali,Sahel Core,12.381349,-5.539655,2,2,2,1
2022-01-22,2022,2022Q1,2022-01,Mali,Sahel Core,16.271667,-0.044722,1,1,1,1
2022-01-29,2022,2022Q1,2022-01,Mali,Sahel Core,14.0669,-3.3432,2,2,2,1
2022-02-05,2022,2022Q1,2022-02,Mali,Sahel Core,16.30611,0.7175,0,1,0,1
2022-02-07,2022,2022Q1,2022-02,Mali,Sahel Core,14.284392,-6.086483,11,13,10,1
2022-02-13,2022,2022Q1,2022-02,Mali,Sahel Core,11.850237,-6.013233,4,4,4,1
2022-02-13,2022,2022Q1,2022-02,Mali,Sahel Core,15.9322,-3.9906,7,7,7,1
2022-02-19,2022,2022Q1,2022-02,Mali,Sahel Core,21.067476,-3.183171,5,5,5,1
2022-02-19,2022,2022Q1,2022-02,Mali,Sahel Core,14.500037,-3.629037,5,5,4,1
2022-02-19,2022,2022Q1,2022-02,Mali,Sahel Core,14.77995,-4.09297,5,4,5,1
2022-02-19,2022,2022Q1,2022-02,Mali,Sahel Core,13.684268,-6.370286,4,5,5,1
2022-02-25,2022,2022Q1,2022-02,Mali,Sahel Core,18.90476,-3.52649,2,2,2,1
2022-03-04,2022,2022Q1,2022-03,Mali,Sahel Core,14.67619,-1.95127,74,74,74,1
2022-03-06,2022,2022Q1,2022-03,Mali,Sahel Core,14.67619,-1.95127,9,9,9,1
2022-03-07,2022,2022Q1,2022-03,Mali,Sahel Core,16.2037,-0.4769,11,11,11,1
2022-03-07,2022,2022Q1,2022-03,Mali,Sahel Core,14.8199,-3.9277,2,2,2,1
2022-03-11,2022,2022Q1,2022-03,Mali,Sahel Core,14.9882,-7.454,0,1,0,1
2022-03-15,2022,2022Q1,2022-03,Mali,Sahel Core,13.9919,-4.4626,2,2,2,1
2022-03-18,2022,2022Q1,2022-03,Mali,Sahel Core,14.67979,-4.73436,1,1,1,1
2022-03-19,2022,2022Q1,2022-03,Mali,Sahel Core,14.52742,-4.09344,7,7,7,1
2022-03-26,2022,2022Q1,2022-03,Mali,Sahel Core,14.32829,-4.60445,313,313,313,1
2022-03-27,2022,2022Q1,2022-03,Mali,Sahel Core,14.62642,-2.16107,2,2,2,1
2022-03-28,2022,2022Q1,2022-03,Mali,Sahel Core,14.1472,-3.7762,8,8,8,1
2022-04-14,2022,2022Q2,2022-04,Mali,Sahel Core,14.32829,-4.60445,12,12,12,1
2022-04-15,2022,2022Q2,2022-04,Mali,Sahel Core,11.3448,-5.7724,3,3,3,1
2022-04-16,2022,2022Q2,2022-04,Mali,Sahel Core,14.17668,-4.90413,3,3,3,1
2022-04-19,2022,2022Q2,2022-04,Mali,Sahel Core,15.27898,-1.70037,2,3,2,1
2022-04-24,2022,2022Q2,2022-04,Mali,Sahel Core,14.52742,-4.09344,17,17,17,1
2022-04-25,2022,2022Q2,2022-04,Mali,Sahel Core,14.1891,-3.74879,5,5,5,1
2022-04-27,2022,2022Q2,2022-04,Mali,Sahel Core,14.62642,-2.16107,12,12,12,1
2022-05-05,2022,2022Q2,2022-05,Mali,Sahel Core,13.832693,-4.37451,1,1,1,1
2022-05-06,2022,2022Q2,2022-05,Mali,Sahel Core,14.647794,-1.737053,10,10,10,1
2022-05-09,2022,2022Q2,2022-05,Mali,Sahel Core,15.3684,-4.2628,1,1,1,1
2022-05-09,2022,2022Q2,2022-05,Mali,Sahel Core,14.61174,-4.77659,2,2,2,1
2022-05-11,2022,2022Q2,2022-05,Mali,Sahel Core,13.9919,-4.4626,4,4,4,1
2022-05-11,2022,2022Q2,2022-05,Mali,Sahel Core,13.87554,-7.18116,7,8,7,1
2022-05-13,2022,2022Q2,2022-05,Mali,Sahel Core,14.859722,-2.264167,0,1,0,1
2022-05-19,2022,2022Q2,2022-05,Mali,Sahel Core,13.3363,-6.8347,2,2,2,1
2022-05-24,2022,2022Q2,2022-05,Mali,Sahel Core,13.7203,-3.6142,6,6,6,1
2022-05-24,2022,2022Q2,2022-05,Mali,Sahel Core,13.7377,-3.6265,6,6,6,1
2022-05-27,2022,2022Q2,2022-05,Mali,Sahel Core,14.859722,-2.264167,31,31,31,1
2022-05-30,2022,2022Q2,2022-05,Mali,Sahel Core,14.6937,-6.0197,3,3,3,1
2022-06-01,2022,2022Q2,2022-06,Mali,Sahel Core,18.441111,1.407778,1,1,1,1
2022-06-02,2022,2022Q2,2022-06,Mali,Sahel Core,16.139928,-0.849212,9,9,0,1
2022-06-02,2022,2022Q2,2022-06,Mali,Sahel Core,13.9618,-4.4345,6,6,6,1
2022-06-03,2022,2022Q2,2022-06,Mali,Sahel Core,15.06947,-2.40875,2,2,2,1
2022-06-06,2022,2022Q2,2022-06,Mali,Sahel Core,13.57903,-7.35369,3,3,3,1
2022-06-06,2022,2022Q2,2022-06,Mali,Sahel Core,13.87554,-7.18116,3,3,3,1
2022-06-06,2022,2022Q2,2022-06,Mali,Sahel Core,14.0152,-7.5121,4,4,4,1
2022-06-08,2022,2022Q2,2022-06,Mali,Sahel Core,16.770456,-3.005588,2,2,2,1
2022-06-10,2022,2022Q2,2022-06,Mali,Sahel Core,13.7377,-3.6265,0,1,0,1
2022-06-11,2022,2022Q2,2022-06,Mali,Sahel Core,12.39173,-5.46421,8,8,8,1
2022-06-11,2022,2022Q2,2022-06,Mali,Sahel Core,12.296944,-5.480556,2,2,2,1
2022-06-11,2022,2022Q2,2022-06,Mali,Sahel Core,13.2312,-4.881,1,1,1,1
2022-06-11,2022,2022Q2,2022-06,Mali,Sahel Core,14.34323,-3.932198,0,13,0,1
2022-06-19,2022,2022Q2,2022-06,Mali,Sahel Core,18.441111,1.407778,1,1,1,1
2022-06-20,2022,2022Q2,2022-06,Mali,Sahel Core,13.7377,-3.6265,0,1,0,1
2022-06-20,2022,2022Q2,2022-06,Mali,Sahel Core,13.958393,-4.618199,0,1,0,1
2022-06-20,2022,2022Q2,2022-06,Mali,Sahel Core,14.635448,-5.029386,0,1,0,1
2022-06-23,2022,2022Q2,2022-06,Mali,Sahel Core,12.785815,-6.94737,1,1,1,1
2022-06-29,2022,2022Q2,2022-06,Mali,Sahel Core,16.190782,-0.032205,1,1,1,1
2022-07-05,2022,2022Q3,2022-07,Mali,Sahel Core,16.908889,-0.356667,2,2,2,1
2022-07-14,2022,2022Q3,2022-07,Mali,Sahel Core,14.22174,-5.90659,0,1,0,1
2022-07-14,2022,2022Q3,2022-07,Mali,Sahel Core,12.709259,-7.438917,6,6,6,1
2022-07-14,2022,2022Q3,2022-07,Mali,Sahel Core,13.92366,-5.79282,2,2,0,1
2022-07-21,2022,2022Q3,2022-07,Mali,Sahel Core,15.00155,-2.94978,4,4,4,1
2022-07-21,2022,2022Q3,2022-07,Mali,Sahel Core,13.745368,-8.084393,2,2,2,1
2022-07-21,2022,2022Q3,2022-07,Mali,Sahel Core,14.064,-3.07539,1,1,1,1
2022-07-22,2022,2022Q3,2022-07,Mali,Sahel Core,12.74409,-8.07257,9,9,9,1
2022-07-24,2022,2022Q3,2022-07,Mali,Sahel Core,14.52742,-4.09344,0,1,0,1
2022-07-27,2022,2022Q3,2022-07,Mali,Sahel Core,14.8599,-7.496729,12,13,12,1
2022-07-27,2022,2022Q3,2022-07,Mali,Sahel Core,14.7328,-6.1219,0,1,0,1
2022-07-30,2022,2022Q3,2022-07,Mali,Sahel Core,14.7328,-6.1219,2,2,2,1
2022-07-30,2022,2022Q3,2022-07,Mali,Sahel Core,14.808112,-6.190749,1,1,1,1
2022-07-30,2022,2022Q3,2022-07,Mali,Sahel Core,14.8921,-6.1414,1,1,1,1
2022-07-30,2022,2022Q3,2022-07,Mali,Sahel Core,14.81326,-6.133207,1,1,1,1
2022-07-31,2022,2022Q3,2022-07,Mali,Sahel Core,14.2526,-5.993,0,1,0,1
2022-08-02,2022,2022Q3,2022-08,Mali,Sahel Core,14.7328,-6.1219,0,1,0,1
2022-08-03,2022,2022Q3,2022-08,Mali,Sahel Core,15.07658,-2.21976,2,1,2,1
2022-08-03,2022,2022Q3,2022-08,Mali,Sahel Core,13.79601,-3.77491,1,2,1,1
2022-08-04,2022,2022Q3,2022-08,Mali,Sahel Core,13.07308,-5.32135,1,1,1,1
2022-08-06,2022,2022Q3,2022-08,Mali,Sahel Core,17.00944,1.50111,6,6,6,1
2022-08-07,2022,2022Q3,2022-08,Mali,Sahel Core,13.67795,-3.69233,2,2,2,1
2022-08-07,2022,2022Q3,2022-08,Mali,Sahel Core,12.39173,-5.46421,5,5,5,1
2022-08-10,2022,2022Q3,2022-08,Mali,Sahel Core,15.07658,-2.21976,0,1,0,1
2022-08-13,2022,2022Q3,2022-08,Mali,Sahel Core,13.986857,-4.023082,5,5,5,1
2022-08-13,2022,2022Q3,2022-08,Mali,Sahel Core,14.86279,-1.77261,22,22,22,1
2022-08-17,2022,2022Q3,2022-08,Mali,Sahel Core,15.07658,-2.21976,3,3,3,1
2022-08-18,2022,2022Q3,2022-08,Mali,Sahel Core,13.914989,-3.924412,0,1,0,1
2022-08-20,2022,2022Q3,2022-08,Mali,Sahel Core,15.9182,2.4022,2,2,2,1
2022-08-21,2022,2022Q3,2022-08,Mali,Sahel Core,16.908889,-0.356667,1,1,1,1
2022-08-22,2022,2022Q3,2022-08,Mali,Sahel Core,15.07658,-2.21976,0,1,0,1
2022-08-22,2022,2022Q3,2022-08,Mali,Sahel Core,15.00155,-2.94978,0,1,0,1
2022-09-03,2022,2022Q3,2022-09,Mali,Sahel Core,15.8436,-4.3255,0,1,0,1
2022-09-04,2022,2022Q3,2022-09,Mali,Sahel Core,14.00974,-4.12382,0,1,0,1
2022-09-11,2022,2022Q3,2022-09,Mali,Sahel Core,14.3414,-7.7959,2,2,2,1
2022-09-15,2022,2022Q3,2022-09,Mali,Sahel Core,14.11543,-3.97499,4,5,0,1
2022-09-20,2022,2022Q3,2022-09,Mali,Sahel Core,13.777682,-3.772306,0,1,0,1
2022-09-29,2022,2022Q3,2022-09,Mali,Sahel Core,13.958393,-4.618199,0,1,0,1
2022-10-03,2022,2022Q4,2022-10,Mali,Sahel Core,14.28797,-5.85403,0,1,0,1
2022-10-03,2022,2022Q4,2022-10,Mali,Sahel Core,14.22174,-5.90659,0,1,0,1
2022-10-04,2022,2022Q4,2022-10,Mali,Sahel Core,13.689222,-3.640596,1,1,1,1
2022-10-11,2022,2022Q4,2022-10,Mali,Sahel Core,14.4277,-8.2749,0,1,0,1
2022-10-13,2022,2022Q4,2022-10,Mali,Sahel Core,14.3874,-3.7243,17,17,17,1
2022-10-17,2022,2022Q4,2022-10,Mali,Sahel Core,20.25793,0.990678,4,4,4,1
2022-10-18,2022,2022Q4,2022-10,Mali,Sahel Core,13.844103,-3.545641,3,3,3,1
2022-10-19,2022,2022Q4,2022-10,Mali,Sahel Core,20.198611,1.011389,50,50,50,1
2022-10-20,2022,2022Q4,2022-10,Mali,Sahel Core,14.94329,-3.89474,0,1,0,1
2022-10-20,2022,2022Q4,2022-10,Mali,Sahel Core,14.40844,-5.86453,10,10,10,1
2022-10-20,2022,2022Q4,2022-10,Mali,Sahel Core,13.554784,-4.118357,2,2,2,1
2022-10-21,2022,2022Q4,2022-10,Mali,Sahel Core,13.32314,-5.64177,2,3,2,1
2022-10-21,2022,2022Q4,2022-10,Mali,Sahel Core,14.859722,-2.264167,0,1,0,1
2022-10-23,2022,2022Q4,2022-10,Mali,Sahel Core,14.859722,-2.264167,0,1,0,1
2022-10-23,2022,2022Q4,2022-10,Mali,Sahel Core,14.94329,-3.89474,0,1,0,1
2022-10-27,2022,2022Q4,2022-10,Mali,Sahel Core,14.635448,-5.029386,0,1,0,1
2022-10-27,2022,2022Q4,2022-10,Mali,Sahel Core,14.8353,-2.1909,0,1,0,1
2022-10-28,2022,2022Q4,2022-10,Mali,Sahel Core,15.1019,-3.0105,0,1,0,1
2022-10-28,2022,2022Q4,2022-10,Mali,Sahel Core,14.2526,-5.993,0,1,0,1
2022-10-28,2022,2022Q4,2022-10,Mali,Sahel Core,13.7081,-3.6721,5,5,5,1
2022-10-30,2022,2022Q4,2022-10,Mali,Sahel Core,14.79084,-4.85058,15,22,15,1
2022-10-31,2022,2022Q4,2022-10,Mali,Sahel Core,13.99142,-5.429014,0,1,0,1
2022-10-31,2022,2022Q4,2022-10,Mali,Sahel Core,14.9701,-3.86069,0,1,0,1
2022-10-31,2022,2022Q4,2022-10,Mali,Sahel Core,14.3368,-3.77179,0,1,0,1
2022-10-31,2022,2022Q4,2022-10,Mali,Sahel Core,14.2921,-3.77259,0,1,0,1
2022-11-01,2022,2022Q4,2022-11,Mali,Sahel Core,13.882664,-5.954723,5,5,5,1
2022-11-05,2022,2022Q4,2022-11,Mali,Sahel Core,15.6973,-4.0833,0,1,0,1
2022-11-05,2022,2022Q4,2022-11,Mali,Sahel Core,14.78087,-4.08696,0,1,0,1
2022-11-09,2022,2022Q4,2022-11,Mali,Sahel Core,13.68427,-6.07352,0,1,0,1
2022-11-11,2022,2022Q4,2022-11,Mali,Sahel Core,15.06947,-2.40875,0,2,0,1
2022-11-11,2022,2022Q4,2022-11,Mali,Sahel Core,15.08418,-2.93341,0,1,0,1
2022-11-12,2022,2022Q4,2022-11,Mali,Sahel Core,14.8347,-3.8614,0,1,0,1
2022-11-12,2022,2022Q4,2022-11,Mali,Sahel Core,14.8567,-3.8538,0,1,0,1
2022-11-12,2022,2022Q4,2022-11,Mali,Sahel Core,13.969084,-4.39873,0,1,0,1
2022-11-19,2022,2022Q4,2022-11,Mali,Sahel Core,14.8896,-3.809,0,1,0,1
2022-11-19,2022,2022Q4,2022-11,Mali,Sahel Core,13.54673,-3.90813,0,1,0,1
2022-11-19,2022,2022Q4,2022-11,Mali,Sahel Core,13.777682,-3.772306,0,1,0,1
2022-11-19,2022,2022Q4,2022-11,Mali,Sahel Core,12.0023,-6.0537,0,1,0,1
2022-11-20,2022,2022Q4,2022-11,Mali,Sahel Core,14.2526,-5.993,0,1,0,1
2022-11-22,2022,2022Q4,2022-11,Mali,Sahel Core,13.54673,-3.90813,3,3,3,1
2022-11-25,2022,2022Q4,2022-11,Mali,Sahel Core,14.2526,-5.993,1,1,1,1
2022-11-30,2022,2022Q4,2022-11,Mali,Sahel Core,15.11868,-10.57729,2,2,2,1
2022-11-30,2022,2022Q4,2022-11,Mali,Sahel Core,18.441111,1.407778,1,1,1,1
2022-12-07,2022,2022Q4,2022-12,Mali,Sahel Core,13.83291,-5.75323,7,7,7,1
2022-12-16,2022,2022Q4,2022-12,Mali,Sahel Core,16.770456,-3.005588,4,4,4,1
2022-12-18,2022,2022Q4,2022-12,Mali,Sahel Core,14.79832,-1.302596,4,4,4,1
2022-12-25,2022,2022Q4,2022-12,Mali,Sahel Core,14.67619,-1.95127,2,2,2,1
2022-12-26,2022,2022Q4,2022-12,Mali,Sahel Core,16.41453,-3.67075,1,1,1,1
2023-01-02,2023,2023Q1,2023-01,Mali,Sahel Core,12.7366,-7.2911,5,5,5,1
2023-01-02,2023,2023Q1,2023-01,Mali,Sahel Core,12.590417,-7.670344,2,3,2,1
2023-01-05,2023,2023Q1,2023-01,Mali,Sahel Core,14.62132,-5.89874,8,8,8,1
2023-01-06,2023,2023Q1,2023-01,Mali,Sahel Core,14.856122,-2.643965,3,3,3,1
2023-01-08,2023,2023Q1,2023-01,Mali,Sahel Core,12.96179,-8.98537,1,1,1,1
2023-01-10,2023,2023Q1,2023-01,Mali,Sahel Core,14.13814,-5.01781,23,22,23,1
2023-01-11,2023,2023Q1,2023-01,Mali,Sahel Core,12.84217,-4.9245,1,1,1,1
2023-01-13,2023,2023Q1,2023-01,Mali,Sahel Core,15.168751,-7.284659,1,1,1,1
2023-01-15,2023,2023Q1,2023-01,Mali,Sahel Core,14.4277,-8.2749,21,21,21,1
2023-01-24,2023,2023Q1,2023-01,Mali,Sahel Core,15.07658,-2.21976,0,1,0,1
2023-01-26,2023,2023Q1,2023-01,Mali,Sahel Core,14.7328,-6.1219,1,1,1,1
2023-01-31,2023,2023Q1,2023-01,Mali,Sahel Core,13.2312,-4.881,2,2,2,1
2023-02-02,2023,2023Q1,2023-02,Mali,Sahel Core,12.23028,-8.63306,1,1,1,1
2023-02-06,2023,2023Q1,2023-02,Mali,Sahel Core,14.2526,-5.993,2,2,2,1
2023-02-06,2023,2023Q1,2023-02,Mali,Sahel Core,15.44062,-3.71453,4,4,4,1
2023-02-07,2023,2023Q1,2023-02,Mali,Sahel Core,15.168751,-7.284659,3,4,3,1
2023-02-09,2023,2023Q1,2023-02,Mali,Sahel Core,13.658,-6.7642,0,1,0,1
2023-02-09,2023,2023Q1,2023-02,Mali,Sahel Core,14.01955,-6.14131,0,1,0,1
2023-02-15,2023,2023Q1,2023-02,Mali,Sahel Core,13.777682,-3.772306,0,1,0,1
2023-02-15,2023,2023Q1,2023-02,Mali,Sahel Core,13.5025,-3.766,0,1,0,1
2023-02-15,2023,2023Q1,2023-02,Mali,Sahel Core,13.54673,-3.90813,0,1,0,1
2023-02-15,2023,2023Q1,2023-02,Mali,Sahel Core,13.3821,-3.8308,0,1,0,1
2023-02-15,2023,2023Q1,2023-02,Mali,Sahel Core,13.50042,-3.73322,0,1,0,1
2023-02-16,2023,2023Q1,2023-02,Mali,Sahel Core,14.61594,-1.86507,6,6,6,1
2023-02-20,2023,2023Q1,2023-02,Mali,Sahel Core,14.964068,-7.514675,2,2,2,1
2023-02-21,2023,2023Q1,2023-02,Mali,Sahel Core,13.658,-6.7642,0,1,0,1
2023-02-21,2023,2023Q1,2023-02,Mali,Sahel Core,14.1472,-3.7762,3,3,3,1
2023-02-26,2023,2023Q1,2023-02,Mali,Sahel Core,13.690102,-6.098346,2,2,2,1
2023-03-01,2023,2023Q1,2023-03,Mali,Sahel Core,16.6314,-3.32532,2,2,2,1
2023-03-06,2023,2023Q1,2023-03,Mali,Sahel Core,14.56,-4.673,4,4,4,1
2023-03-07,2023,2023Q1,2023-03,Mali,Sahel Core,14.311,-3.89619,12,12,12,1
2023-03-14,2023,2023Q1,2023-03,Mali,Sahel Core,16.25705,-3.40126,1,1,1,1
2023-03-19,2023,2023Q1,2023-03,Mali,Sahel Core,15.8436,-4.3255,3,3,3,1
2023-03-23,2023,2023Q1,2023-03,Mali,Sahel Core,13.3821,-3.8308,20,26,20,1
2023-03-23,2023,2023Q1,2023-03,Mali,Sahel Core,13.63249,-6.09,3,3,3,1
2023-03-30,2023,2023Q1,2023-03,Mali,Sahel Core,14.140222,-5.977751,2,2,2,1
2023-04-01,2023,2023Q2,2023-04,Mali,Sahel Core,13.666574,-3.735652,9,9,9,1
2023-04-01,2023,2023Q2,2023-04,Mali,Sahel Core,14.666667,-4.0,1,1,1,1
2023-04-06,2023,2023Q2,2023-04,Mali,Sahel Core,13.09778,-7.93499,5,5,5,1
2023-04-09,2023,2023Q2,2023-04,Mali,Sahel Core,14.2526,-5.993,1,1,1,1
2023-04-09,2023,2023Q2,2023-04,Mali,Sahel Core,13.93431,-4.32043,6,7,6,1
2023-04-13,2023,2023Q2,2023-04,Mali,Sahel Core,11.120625,-5.361924,2,2,2,1
2023-04-19,2023,2023Q2,2023-04,Mali,Sahel Core,14.8921,-6.1414,10,16,10,1
2023-04-22,2023,2023Q2,2023-04,Mali,Sahel Core,14.52742,-4.09344,28,49,28,1
2023-04-22,2023,2023Q2,2023-04,Mali,Sahel Core,14.47266,-7.46708,0,10,0,1
2023-04-24,2023,2023Q2,2023-04,Mali,Sahel Core,14.3027,-3.42859,29,29,29,1
2023-04-25,2023,2023Q2,2023-04,Mali,Sahel Core,15.07658,-2.21976,0,1,0,1
2023-04-27,2023,2023Q2,2023-04,Mali,Sahel Core,14.52742,-4.09344,1,1,1,1
2023-05-02,2023,2023Q2,2023-05,Mali,Sahel Core,15.168751,-7.284659,2,2,2,1
2023-05-02,2023,2023Q2,2023-05,Mali,Sahel Core,14.067542,-4.04083,3,3,3,1
2023-05-03,2023,2023Q2,2023-05,Mali,Sahel Core,15.168751,-7.284659,2,2,2,1
2023-05-08,2023,2023Q2,2023-05,Mali,Sahel Core,13.02052,-9.76331,6,8,6,1
2023-05-11,2023,2023Q2,2023-05,Mali,Sahel Core,14.2526,-5.993,0,1,0,1
2023-05-13,2023,2023Q2,2023-05,Mali,Sahel Core,14.4843,-4.18296,1,1,1,1
2023-05-15,2023,2023Q2,2023-05,Mali,Sahel Core,14.90163,-11.79057,2,2,2,1
2023-05-21,2023,2023Q2,2023-05,Mali,Sahel Core,15.376395,-11.473383,1,1,1,1
2023-05-21,2023,2023Q2,2023-05,Mali,Sahel Core,14.8921,-6.1414,0,1,0,1
2023-05-26,2023,2023Q2,2023-05,Mali,Sahel Core,15.99791,-1.26703,4,5,4,1
2023-05-28,2023,2023Q2,2023-05,Mali,Sahel Core,14.23332,-2.97245,0,1,0,1
2023-05-30,2023,2023Q2,2023-05,Mali,Sahel Core,14.3368,-3.77179,0,1,0,1
2023-06-02,2023,2023Q2,2023-06,Mali,Sahel Core,14.666667,-4.0,0,1,0,1
2023-06-05,2023,2023Q2,2023-06,Mali,Sahel Core,14.61174,-4.77659,0,1,0,1
2023-06-05,2023,2023Q2,2023-06,Mali,Sahel Core,14.0,-7.75,3,7,2,1
2023-06-09,2023,2023Q2,2023-06,Mali,Sahel Core,16.833055,-2.528888,2,2,2,1
2023-06-11,2023,2023Q2,2023-06,Mali,Sahel Core,15.247391,-7.269189,2,2,2,1
2023-06-23,2023,2023Q2,2023-06,Mali,Sahel Core,14.4843,-4.18296,1,1,1,1
2023-07-01,2023,2023Q3,2023-07,Mali,Sahel Core,14.52742,-4.09344,7,7,7,1
2023-07-02,2023,2023Q3,2023-07,Mali,Sahel Core,14.59958,-4.06359,2,2,2,1
2023-07-12,2023,2023Q3,2023-07,Mali,Sahel Core,14.7328,-6.1219,0,1,0,1
2023-07-12,2023,2023Q3,2023-07,Mali,Sahel Core,14.8921,-6.1414,0,1,0,1
2023-07-14,2023,2023Q3,2023-07,Mali,Sahel Core,16.833055,-2.528888,1,1,1,1
2023-07-17,2023,2023Q3,2023-07,Mali,Sahel Core,14.91,-3.76899,0,1,0,1
2023-07-17,2023,2023Q3,2023-07,Mali,Sahel Core,14.834648,-3.806643,0,1,0,1
2023-07-21,2023,2023Q3,2023-07,Mali,Sahel Core,15.819607,-1.291135,1,1,1,1
2023-07-24,2023,2023Q3,2023-07,Mali,Sahel Core,14.23719,-6.02269,4,4,4,1
2023-07-25,2023,2023Q3,2023-07,Mali,Sahel Core,14.2223,-4.49593,13,43,13,1
2023-07-26,2023,2023Q3,2023-07,Mali,Sahel Core,16.770456,-3.005588,2,4,2,1
2023-07-27,2023,2023Q3,2023-07,Mali,Sahel Core,15.7118,-4.9118,3,3,3,1
2023-08-05,2023,2023Q3,2023-08,Mali,Sahel Core,14.2482,-3.68829,2,2,2,1
2023-08-06,2023,2023Q3,2023-08,Mali,Sahel Core,15.750391,-4.547862,17,17,17,1
2023-08-11,2023,2023Q3,2023-08,Mali,Sahel Core,16.74202,-2.69624,5,5,5,1
2023-08-13,2023,2023Q3,2023-08,Mali,Sahel Core,16.66123,-3.02624,1,1,1,1
2023-08-13,2023,2023Q3,2023-08,Mali,Sahel Core,14.86588,-2.918473,5,5,5,1
2023-08-20,2023,2023Q3,2023-08,Mali,Sahel Core,16.833055,-2.528888,0,1,0,1
2023-08-26,2023,2023Q3,2023-08,Mali,Sahel Core,16.770456,-3.005588,1,1,1,1
2023-09-03,2023,2023Q3,2023-09,Mali,Sahel Core,12.266406,-7.927404,2,2,2,1
2023-09-07,2023,2023Q3,2023-09,Mali,Sahel Core,17.033333,-1.4,65,65,65,1
2023-09-07,2023,2023Q3,2023-09,Mali,Sahel Core,16.950875,-1.750996,120,154,120,1
2023-09-08,2023,2023Q3,2023-09,Mali,Sahel Core,16.271667,-0.044722,14,39,14,1
2023-09-12,2023,2023Q3,2023-09,Mali,Sahel Core,13.979195,-3.902372,3,3,3,1
2023-09-17,2023,2023Q3,2023-09,Mali,Sahel Core,14.87019,-6.97706,6,6,6,1
2023-09-21,2023,2023Q3,2023-09,Mali,Sahel Core,16.770456,-3.005588,5,5,5,1
2023-09-27,2023,2023Q3,2023-09,Mali,Sahel Core,16.6314,-3.32532,1,1,1,1
2023-09-27,2023,2023Q3,2023-09,Mali,Sahel Core,14.47266,-7.46708,3,3,3,1
2023-10-06,2023,2023Q4,2023-10,Mali,Sahel Core,15.07658,-2.21976,3,3,3,1
2023-10-06,2023,2023Q4,2023-10,Mali,Sahel Core,15.147534,-3.342033,10,10,10,1
2023-10-07,2023,2023Q4,2023-10,Mali,Sahel Core,14.9961,-3.61399,0,16,0,1
2023-10-10,2023,2023Q4,2023-10,Mali,Sahel Core,14.91,-3.76899,11,18,11,1
2023-10-24,2023,2023Q4,2023-10,Mali,Sahel Core,19.461389,0.858889,0,1,0,1
2023-10-26,2023,2023Q4,2023-10,Mali,Sahel Core,15.726684,-4.642018,10,10,10,1
2023-10-27,2023,2023Q4,2023-10,Mali,Sahel Core,14.2526,-5.993,0,1,0,1
2023-11-03,2023,2023Q4,2023-11,Mali,Sahel Core,13.6163,-3.7062,3,3,3,1
2023-11-10,2023,2023Q4,2023-11,Mali,Sahel Core,15.726684,-4.642018,0,5,0,1
2023-11-18,2023,2023Q4,2023-11,Mali,Sahel Core,14.79832,-1.302596,7,7,7,1
2023-11-24,2023,2023Q4,2023-11,Mali,Sahel Core,15.9322,-3.9906,51,51,51,1
2023-11-30,2023,2023Q4,2023-11,Mali,Sahel Core,14.47266,-7.46708,13,13,13,1
2023-12-03,2023,2023Q4,2023-12,Mali,Sahel Core,14.8252,-5.2547,0,5,0,1
2023-12-12,2023,2023Q4,2023-12,Mali,Sahel Core,14.8921,-6.1414,49,67,37,1
2023-12-12,2023,2023Q4,2023-12,Mali,Sahel Core,14.006897,-5.209956,0,1,0,1
2023-12-20,2023,2023Q4,2023-12,Mali,Sahel Core,14.451,-2.24422,13,13,13,1
2023-12-25,2023,2023Q4,2023-12,Mali,Sahel Core,14.47266,-7.46708,8,10,8,1
2023-12-25,2023,2023Q4,2023-12,Mali,Sahel Core,14.493948,-7.134933,4,4,4,1
2023-12-29,2023,2023Q4,2023-12,Mali,Sahel Core,18.94417,2.04417,6,4,6,1
2023-12-29,2023,2023Q4,2023-12,Mali,Sahel Core,18.458335,3.105189,7,9,7,1
2023-12-29,2023,2023Q4,2023-12,Mali,Sahel Core,18.441111,1.407778,5,5,5,1
2023-12-30,2023,2023Q4,2023-12,Mali,Sahel Core,15.5499,-5.4113,0,3,0,1
2023-12-31,2023,2023Q4,2023-12,Mali,Sahel Core,14.47266,-7.46708,0,1,0,1
2023-12-31,2023,2023Q4,2023-12,Mali,Sahel Core,14.6432,-6.6909,0,1,0,1
2024-01-04,2024,2024Q1,2024-01,Mali,Sahel Core,18.45173,1.275488,4,4,4,1
2024-01-05,2024,2024Q1,2024-01,Mali,Sahel Core,18.3925,1.12444,0,3,0,1
2024-01-05,2024,2024Q1,2024-01,Mali,Sahel Core,17.358497,0.150096,3,3,3,1
2024-01-05,2024,2024Q1,2024-01,Mali,Sahel Core,14.0664,-3.45379,5,5,5,1
2024-01-06,2024,2024Q1,2024-01,Mali,Sahel Core,18.45173,1.275488,0,4,0,1
2024-01-06,2024,2024Q1,2024-01,Mali,Sahel Core,18.441111,1.407778,0,4,0,1
2024-01-07,2024,2024Q1,2024-01,Mali,Sahel Core,13.996111,-3.941111,3,3,3,1
2024-01-08,2024,2024Q1,2024-01,Mali,Sahel Core,13.803562,-5.012635,8,8,8,1
2024-01-18,2024,2024Q1,2024-01,Mali,Sahel Core,15.27898,-1.70037,2,5,2,1
2024-01-19,2024,2024Q1,2024-01,Mali,Sahel Core,14.94329,-3.89474,0,5,0,1
2024-01-28,2024,2024Q1,2024-01,Mali,Sahel Core,14.495231,-6.106679,0,1,0,1
2024-01-28,2024,2024Q1,2024-01,Mali,Sahel Core,14.2526,-5.993,3,3,3,1
2024-02-03,2024,2024Q1,2024-02,Mali,Sahel Core,14.067542,-4.04083,3,3,0,1
2024-02-08,2024,2024Q1,2024-02,Mali,Sahel Core,14.90163,-11.79057,3,4,3,1
2024-02-09,2024,2024Q1,2024-02,Mali,Sahel Core,14.4843,-4.18296,1,1,1,1
2024-02-14,2024,2024Q1,2024-02,Mali,Sahel Core,14.140222,-5.977751,15,20,15,1
2024-02-16,2024,2024Q1,2024-02,Mali,Sahel Core,14.367386,-6.071056,7,7,7,1
2024-02-17,2024,2024Q1,2024-02,Mali,Sahel Core,14.367386,-6.071056,7,7,7,1
2024-02-20,2024,2024Q1,2024-02,Mali,Sahel Core,14.2526,-5.993,11,11,11,1
2024-02-28,2024,2024Q1,2024-02,Mali,Sahel Core,14.1506,-8.0422,30,30,30,1
2024-02-29,2024,2024Q1,2024-02,Mali,Sahel Core,14.52742,-4.09344,0,1,0,1
2024-03-01,2024,2024Q1,2024-03,Mali,Sahel Core,17.033333,-1.4,10,10,10,1
2024-03-06,2024,2024Q1,2024-03,Mali,Sahel Core,14.2526,-5.993,0,1,0,1
2024-03-07,2024,2024Q1,2024-03,Mali,Sahel Core,11.952391,-8.776736,0,1,0,1
2024-03-14,2024,2024Q1,2024-03,Mali,Sahel Core,17.847214,0.323268,2,5,2,1
2024-03-16,2024,2024Q1,2024-03,Mali,Sahel Core,11.965207,-8.601267,2,2,2,1
2024-03-16,2024,2024Q1,2024-03,Mali,Sahel Core,17.081666,0.764166,14,14,14,1
2024-03-16,2024,2024Q1,2024-03,Mali,Sahel Core,11.48647,-5.48157,1,11,1,1
2024-03-18,2024,2024Q1,2024-03,Mali,Sahel Core,16.77087,-4.03,1,1,1,1
2024-03-18,2024,2024Q1,2024-03,Mali,Sahel Core,14.484298,-8.248503,0,1,0,1
2024-03-18,2024,2024Q1,2024-03,Mali,Sahel Core,15.06947,-2.40875,4,4,4,1
2024-03-22,2024,2024Q1,2024-03,Mali,Sahel Core,14.647794,-1.737053,14,14,14,1
2024-03-25,2024,2024Q1,2024-03,Mali,Sahel Core,14.4843,-4.18296,3,3,3,1
2024-03-26,2024,2024Q1,2024-03,Mali,Sahel Core,13.9641,-5.35791,5,5,5,1
2024-03-29,2024,2024Q1,2024-03,Mali,Sahel Core,16.950875,-1.750996,1,1,1,1
2024-04-02,2024,2024Q2,2024-04,Mali,Sahel Core,16.32869,-4.95912,0,3,0,1
2024-04-02,2024,2024Q2,2024-04,Mali,Sahel Core,13.87807,-5.24276,2,2,2,1
2024-04-02,2024,2024Q2,2024-04,Mali,Sahel Core,15.06947,-2.40875,3,3,3,1
2024-04-05,2024,2024Q2,2024-04,Mali,Sahel Core,17.001738,-1.660952,0,1,0,1
2024-04-07,2024,2024Q2,2024-04,Mali,Sahel Core,13.690102,-6.098346,6,6,6,1
2024-04-07,2024,2024Q2,2024-04,Mali,Sahel Core,17.001738,-1.660952,3,3,3,1
2024-04-12,2024,2024Q2,2024-04,Mali,Sahel Core,15.266113,-4.515597,6,6,6,1
2024-04-14,2024,2024Q2,2024-04,Mali,Sahel Core,14.4277,-8.2749,0,1,0,1
2024-04-15,2024,2024Q2,2024-04,Mali,Sahel Core,14.06926,-4.25577,0,1,0,1
2024-04-16,2024,2024Q2,2024-04,Mali,Sahel Core,14.01667,-4.23333,1,1,1,1
2024-04-18,2024,2024Q2,2024-04,Mali,Sahel Core,13.72205,-5.238354,3,3,3,1
2024-04-21,2024,2024Q2,2024-04,Mali,Sahel Core,15.8437,-4.0213,3,3,3,1
2024-04-21,2024,2024Q2,2024-04,Mali,Sahel Core,15.8417,-3.9721,3,3,3,1
2024-04-21,2024,2024Q2,2024-04,Mali,Sahel Core,15.8527,-3.9301,3,3,3,1
2024-04-21,2024,2024Q2,2024-04,Mali,Sahel Core,15.676257,-4.304228,3,3,3,1
2024-04-21,2024,2024Q2,2024-04,Mali,Sahel Core,18.600352,-4.993056,0,1,0,1
2024-04-21,2024,2024Q2,2024-04,Mali,Sahel Core,15.7434,-4.063,3,3,3,1
2024-04-22,2024,2024Q2,2024-04,Mali,Sahel Core,15.824,-3.6942,3,3,3,1
2024-04-22,2024,2024Q2,2024-04,Mali,Sahel Core,15.7669,-4.0101,24,29,24,1
2024-05-01,2024,2024Q2,2024-05,Mali,Sahel Core,14.964068,-7.514675,0,1,0,1
2024-05-01,2024,2024Q2,2024-05,Mali,Sahel Core,14.964068,-7.514675,2,2,2,1
2024-05-03,2024,2024Q2,2024-05,Mali,Sahel Core,14.13814,-5.01781,21,21,21,1
2024-05-06,2024,2024Q2,2024-05,Mali,Sahel Core,14.16782,-4.89367,2,2,2,1
2024-05-07,2024,2024Q2,2024-05,Mali,Sahel Core,19.926861,0.865417,1,1,1,1
2024-05-08,2024,2024Q2,2024-05,Mali,Sahel Core,14.811692,-5.958449,0,1,0,1
2024-05-08,2024,2024Q2,2024-05,Mali,Sahel Core,16.812084,-2.157628,2,3,2,1
2024-05-20,2024,2024Q2,2024-05,Mali,Sahel Core,13.99142,-5.429014,33,33,33,1
2024-05-21,2024,2024Q2,2024-05,Mali,Sahel Core,14.278458,-5.747277,3,3,3,1
2024-05-23,2024,2024Q2,2024-05,Mali,Sahel Core,15.47602,-3.16064,0,1,0,1
2024-05-24,2024,2024Q2,2024-05,Mali,Sahel Core,13.907779,-4.462826,0,1,0,1
2024-05-24,2024,2024Q2,2024-05,Mali,Sahel Core,13.90608,-4.55332,0,1,0,1
2024-05-25,2024,2024Q2,2024-05,Mali,Sahel Core,16.72237,0.43984,0,1,0,1
2024-05-26,2024,2024Q2,2024-05,Mali,Sahel Core,14.47266,-7.46708,31,31,31,1
2024-05-26,2024,2024Q2,2024-05,Mali,Sahel Core,14.47266,-7.46708,10,10,10,1
2024-05-26,2024,2024Q2,2024-05,Mali,Sahel Core,14.47266,-7.46708,8,8,8,1
2024-06-01,2024,2024Q2,2024-06,Mali,Sahel Core,11.97885,-6.96245,3,3,3,1
2024-06-13,2024,2024Q2,2024-06,Mali,Sahel Core,15.00155,-2.94978,3,3,2,1
2024-06-13,2024,2024Q2,2024-06,Mali,Sahel Core,14.614523,-4.625476,1,1,1,1
2024-06-13,2024,2024Q2,2024-06,Mali,Sahel Core,14.56,-4.673,1,1,1,1
2024-06-20,2024,2024Q2,2024-06,Mali,Sahel Core,20.198611,1.011389,13,13,13,1
2024-06-20,2024,2024Q2,2024-06,Mali,Sahel Core,15.7118,-4.9118,2,2,2,1
2024-06-20,2024,2024Q2,2024-06,Mali,Sahel Core,15.9322,-3.9906,2,2,2,1
2024-06-20,2024,2024Q2,2024-06,Mali,Sahel Core,14.6937,-6.0197,2,2,2,1
2024-06-20,2024,2024Q2,2024-06,Mali,Sahel Core,14.47266,-7.46708,2,2,2,1
2024-06-20,2024,2024Q2,2024-06,Mali,Sahel Core,15.00155,-2.94978,3,3,3,1
2024-07-17,2024,2024Q3,2024-07,Mali,Sahel Core,15.187001,-9.722537,6,6,6,1
2024-07-17,2024,2024Q3,2024-07,Mali,Sahel Core,14.260707,-6.428248,0,1,0,1
2024-07-26,2024,2024Q3,2024-07,Mali,Sahel Core,13.9599,-3.7977,0,1,0,1
2024-07-27,2024,2024Q3,2024-07,Mali,Sahel Core,13.9599,-3.7977,0,1,0,1
2024-07-27,2024,2024Q3,2024-07,Mali,Sahel Core,19.667315,2.605761,31,44,31,1
2024-07-29,2024,2024Q3,2024-07,Mali,Sahel Core,13.822136,-4.207056,5,5,5,1
2024-07-29,2024,2024Q3,2024-07,Mali,Sahel Core,14.666667,-4.0,5,5,5,1
2024-08-01,2024,2024Q3,2024-08,Mali,Sahel Core,16.190782,-0.032205,5,5,5,1
2024-08-04,2024,2024Q3,2024-08,Mali,Sahel Core,18.12,1.44667,1,1,1,1
2024-08-06,2024,2024Q3,2024-08,Mali,Sahel Core,14.47266,-7.46708,1,2,0,1
2024-08-07,2024,2024Q3,2024-08,Mali,Sahel Core,14.2223,-4.49593,3,3,3,1
2024-08-11,2024,2024Q3,2024-08,Mali,Sahel Core,15.11868,-10.57729,4,4,4,1
2024-08-15,2024,2024Q3,2024-08,Mali,Sahel Core,13.7377,-3.6265,31,31,31,1
2024-08-18,2024,2024Q3,2024-08,Mali,Sahel Core,14.90163,-11.79057,4,5,4,1
2024-08-21,2024,2024Q3,2024-08,Mali,Sahel Core,13.689222,-3.640596,12,12,12,1
2024-08-25,2024,2024Q3,2024-08,Mali,Sahel Core,19.923336,2.979656,6,6,6,1
2024-08-27,2024,2024Q3,2024-08,Mali,Sahel Core,19.461389,0.858889,0,2,0,1
2024-08-28,2024,2024Q3,2024-08,Mali,Sahel Core,15.819607,-1.291135,0,2,0,1
2024-09-05,2024,2024Q3,2024-09,Mali,Sahel Core,18.441111,1.407778,4,5,4,1
2024-09-10,2024,2024Q3,2024-09,Mali,Sahel Core,14.6937,-6.0197,2,2,2,1
2024-09-14,2024,2024Q3,2024-09,Mali,Sahel Core,17.001738,-1.660952,4,7,4,1
2024-09-17,2024,2024Q3,2024-09,Mali,Sahel Core,12.65,-8.0,87,110,87,1
2024-09-20,2024,2024Q3,2024-09,Mali,Sahel Core,14.47266,-7.46708,0,1,0,1
2024-09-24,2024,2024Q3,2024-09,Mali,Sahel Core,13.828997,-4.992834,4,4,4,1
2024-09-27,2024,2024Q3,2024-09,Mali,Sahel Core,16.031935,-2.688946,2,3,2,1
2024-09-27,2024,2024Q3,2024-09,Mali,Sahel Core,16.07979,-1.76981,0,1,0,1
2024-09-27,2024,2024Q3,2024-09,Mali,Sahel Core,13.59433,-5.009737,0,1,0,1
2024-09-29,2024,2024Q3,2024-09,Mali,Sahel Core,13.90608,-4.55332,3,3,3,1
2024-10-06,2024,2024Q4,2024-10,Mali,Sahel Core,16.833055,-2.528888,6,22,6,1
2024-10-06,2024,2024Q4,2024-10,Mali,Sahel Core,16.770456,-3.005588,0,1,0,1
2024-10-07,2024,2024Q4,2024-10,Mali,Sahel Core,17.649636,-3.159625,2,2,2,1
2024-10-08,2024,2024Q4,2024-10,Mali,Sahel Core,16.770456,-3.005588,3,3,3,1
2024-10-08,2024,2024Q4,2024-10,Mali,Sahel Core,16.833055,-2.528888,0,1,0,1
2024-10-08,2024,2024Q4,2024-10,Mali,Sahel Core,18.441111,1.407778,0,2,0,1
2024-10-09,2024,2024Q4,2024-10,Mali,Sahel Core,17.597979,-2.16388,1,1,1,1
2024-10-09,2024,2024Q4,2024-10,Mali,Sahel Core,16.833055,-2.528888,0,1,0,1
2024-10-16,2024,2024Q4,2024-10,Mali,Sahel Core,20.198611,1.011389,0,1,0,1
2024-10-17,2024,2024Q4,2024-10,Mali,Sahel Core,18.487065,1.46161,0,1,0,1
2024-10-18,2024,2024Q4,2024-10,Mali,Sahel Core,14.59958,-4.06359,4,4,4,1
2024-10-21,2024,2024Q4,2024-10,Mali,Sahel Core,14.101234,-3.540894,9,9,9,1
2024-10-22,2024,2024Q4,2024-10,Mali,Sahel Core,13.921523,-6.043936,0,1,0,1
2024-10-22,2024,2024Q4,2024-10,Mali,Sahel Core,14.59958,-4.06359,0,1,0,1
2024-10-22,2024,2024Q4,2024-10,Mali,Sahel Core,18.532762,-2.675357,1,2,1,1
2024-10-30,2024,2024Q4,2024-10,Mali,Sahel Core,20.198611,1.011389,0,1,0,1
2024-11-01,2024,2024Q4,2024-11,Mali,Sahel Core,13.5287,-4.4456,0,1,0,1
2024-11-05,2024,2024Q4,2024-11,Mali,Sahel Core,14.3027,-3.42859,10,10,10,1
2024-11-10,2024,2024Q4,2024-11,Mali,Sahel Core,14.01667,-4.23333,0,1,0,1
2024-11-11,2024,2024Q4,2024-11,Mali,Sahel Core,14.500037,-3.629037,0,1,0,1
2024-11-16,2024,2024Q4,2024-11,Mali,Sahel Core,14.500037,-3.629037,0,1,0,1
2024-11-20,2024,2024Q4,2024-11,Mali,Sahel Core,20.0,-3.0,0,2,0,1
2024-11-21,2024,2024Q4,2024-11,Mali,Sahel Core,14.1903,-3.58929,6,7,5,1
2024-11-25,2024,2024Q4,2024-11,Mali,Sahel Core,14.703479,-10.305606,3,3,3,1
2024-12-06,2024,2024Q4,2024-12,Mali,Sahel Core,15.187001,-9.722537,0,1,0,1
2024-12-07,2024,2024Q4,2024-12,Mali,Sahel Core,11.315289,-5.669303,1,1,1,1
2024-12-07,2024,2024Q4,2024-12,Mali,Sahel Core,12.84217,-4.9245,3,3,3,1
2024-12-08,2024,2024Q4,2024-12,Mali,Sahel Core,15.7118,-4.9118,0,2,0,1
2024-12-14,2024,2024Q4,2024-12,Mali,Sahel Core,13.689222,-3.640596,5,5,5,1
2024-12-15,2024,2024Q4,2024-12,Mali,Sahel Core,14.6937,-6.0197,1,1,1,1
2024-12-19,2024,2024Q4,2024-12,Mali,Sahel Core,15.7118,-4.9118,0,1,0,1
2024-12-24,2024,2024Q4,2024-12,Mali,Sahel Core,14.320815,-3.919923,0,1,0,1
2024-12-24,2024,2024Q4,2024-12,Mali,Sahel Core,14.34323,-3.932198,0,1,0,1
2024-12-26,2024,2024Q4,2024-12,Mali,Sahel Core,14.859722,-2.264167,1,1,1,1
2024-12-26,2024,2024Q4,2024-12,Mali,Sahel Core,14.5724,-3.83539,0,1,0,1
2024-12-27,2024,2024Q4,2024-12,Mali,Sahel Core,15.053801,-3.69872,0,1,0,1
2024-12-28,2024,2024Q4,2024-12,Mali,Sahel Core,13.828997,-4.992834,22,22,22,1
2024-12-31,2024,2024Q4,2024-12,Mali,Sahel Core,15.00155,-2.94978,2,2,2,1
2020-03-16,2020,2020Q1,2020-03,Mali,Sahel Core,14.28,-3.68,7,7,7,3
2020-05-03,2020,2020Q2,2020-05,Mali,Sahel Core,14.10481,-4.15856,4,4,4,3
2020-05-26,2020,2020Q2,2020-05,Mali,Sahel Core,14.3874,-3.7243,6,6,6,3
2020-05-26,2020,2020Q2,2020-05,Mali,Sahel Core,13.689222,-3.640596,9,9,9,3
2020-05-26,2020,2020Q2,2020-05,Mali,Sahel Core,14.339856,-2.948679,9,9,9,3
2020-07-01,2020,2020Q3,2020-07,Mali,Sahel Core,13.5938,-3.595,16,16,16,3
2020-07-01,2020,2020Q3,2020-07,Mali,Sahel Core,13.6143,-3.5777,15,15,15,3
2020-07-01,2020,2020Q3,2020-07,Mali,Sahel Core,13.8296,-3.5509,2,2,2,3
2020-09-09,2020,2020Q3,2020-09,Mali,Sahel Core,14.666667,-4.0,8,8,8,3
2020-10-06,2020,2020Q4,2020-10,Mali,Sahel Core,14.8921,-6.1414,1,1,1,3
2020-10-10,2020,2020Q4,2020-10,Mali,Sahel Core,14.8921,-6.1414,6,9,5,3
2020-11-01,2020,2020Q4,2020-11,Mali,Sahel Core,16.271667,-0.044722,1,1,1,3
2020-11-03,2020,2020Q4,2020-11,Mali,Sahel Core,14.1891,-3.74879,8,8,8,3
2020-11-23,2020,2020Q4,2020-11,Mali,Sahel Core,13.7324,-3.5191,7,7,4,3
2020-11-26,2020,2020Q4,2020-11,Mali,Sahel Core,14.8921,-6.1414,6,6,6,3
2021-02-17,2021,2021Q1,2021-02,Mali,Sahel Core,14.349621,-3.611147,4,5,4,3
2021-02-28,2021,2021Q1,2021-02,Mali,Sahel Core,14.0775,-3.51594,1,1,1,3
2021-02-28,2021,2021Q1,2021-02,Mali,Sahel Core,14.35107,-3.6558,4,4,4,3
2021-02-28,2021,2021Q1,2021-02,Mali,Sahel Core,14.1372,-3.6951,4,4,4,3
2021-04-23,2021,2021Q2,2021-04,Mali,Sahel Core,11.688,-5.6637,1,1,1,3
2021-05-04,2021,2021Q2,2021-05,Mali,Sahel Core,13.9863,-4.2831,2,1,2,3
2021-05-04,2021,2021Q2,2021-05,Mali,Sahel Core,13.979525,-4.28789,1,2,1,3
2021-05-30,2021,2021Q2,2021-05,Mali,Sahel Core,15.02454,-2.84901,1,1,1,3
2021-09-12,2021,2021Q3,2021-09,Mali,Sahel Core,13.88509,-8.09292,2,2,2,3
2021-10-06,2021,2021Q4,2021-10,Mali,Sahel Core,16.301666,-3.199685,2,2,2,3
2021-12-03,2021,2021Q4,2021-12,Mali,Sahel Core,14.365142,-3.685426,32,33,32,3
2022-01-30,2022,2022Q1,2022-01,Mali,Sahel Core,16.2037,-0.4769,2,2,2,3
2022-03-14,2022,2022Q1,2022-03,Mali,Sahel Core,13.95677,-4.52372,1,1,1,3
2022-03-14,2022,2022Q1,2022-03,Mali,Sahel Core,13.9864,-4.5005,1,1,1,3
2022-03-14,2022,2022Q1,2022-03,Mali,Sahel Core,14.00985,-4.51322,1,1,1,3
2022-04-16,2022,2022Q2,2022-04,Mali,Sahel Core,14.1891,-3.74879,2,2,2,3
2022-05-01,2022,2022Q2,2022-05,Mali,Sahel Core,14.393409,-5.935209,1,1,1,3
2022-05-03,2022,2022Q2,2022-05,Mali,Sahel Core,13.9267,-4.4545,2,2,2,3
2022-05-07,2022,2022Q2,2022-05,Mali,Sahel Core,14.00985,-4.51322,1,1,1,3
2022-05-09,2022,2022Q2,2022-05,Mali,Sahel Core,14.563,-3.23899,2,2,2,3
2022-05-27,2022,2022Q2,2022-05,Mali,Sahel Core,14.45722,-4.9169,1,1,1,3
2022-06-12,2022,2022Q2,2022-06,Mali,Sahel Core,13.9919,-4.4626,3,3,3,3
2022-06-18,2022,2022Q2,2022-06,Mali,Sahel Core,13.7377,-3.6265,132,132,132,3
2022-07-23,2022,2022Q3,2022-07,Mali,Sahel Core,13.660265,-3.673225,9,9,9,3
2022-08-01,2022,2022Q3,2022-08,Mali,Sahel Core,15.134851,-1.982775,0,1,0,3
2022-08-05,2022,2022Q3,2022-08,Mali,Sahel Core,14.0775,-3.51594,12,12,12,3
2022-09-02,2022,2022Q3,2022-09,Mali,Sahel Core,13.554784,-4.118357,12,15,12,3
2022-11-06,2022,2022Q4,2022-11,Mali,Sahel Core,15.819607,-1.291135,1,1,1,3
2022-11-15,2022,2022Q4,2022-11,Mali,Sahel Core,14.2482,-3.68829,1,1,1,3
2022-12-03,2022,2022Q4,2022-12,Mali,Sahel Core,15.868598,1.527557,10,10,10,3
2022-12-03,2022,2022Q4,2022-12,Mali,Sahel Core,16.34283,0.2784,10,10,10,3
2022-12-04,2022,2022Q4,2022-12,Mali,Sahel Core,16.0828,0.75286,70,80,16,3
2023-02-03,2023,2023Q1,2023-02,Mali,Sahel Core,16.164027,0.001496,8,8,8,3
2023-02-07,2023,2023Q1,2023-02,Mali,Sahel Core,14.349621,-3.611147,2,2,2,3
2023-02-23,2023,2023Q1,2023-02,Mali,Sahel Core,14.13548,-3.63044,18,18,18,3
2023-02-25,2023,2023Q1,2023-02,Mali,Sahel Core,14.37689,-3.65992,2,2,2,3
2023-03-09,2023,2023Q1,2023-03,Mali,Sahel Core,16.190782,-0.032205,8,8,8,3
2023-05-02,2023,2023Q2,2023-05,Mali,Sahel Core,14.05164,-5.063647,6,6,6,3
2023-06-04,2023,2023Q2,2023-06,Mali,Sahel Core,13.3131,-6.983,1,1,1,3
2023-06-22,2023,2023Q2,2023-06,Mali,Sahel Core,13.554784,-4.118357,5,12,0,3
2023-07-15,2023,2023Q3,2023-07,Mali,Sahel Core,14.349621,-3.611147,6,6,6,3
2023-07-18,2023,2023Q3,2023-07,Mali,Sahel Core,14.835665,-3.831055,3,3,3,3
2023-07-19,2023,2023Q3,2023-07,Mali,Sahel Core,14.36004,-3.37551,2,2,2,3
2023-07-19,2023,2023Q3,2023-07,Mali,Sahel Core,14.3027,-3.42859,2,2,2,3
2023-07-21,2023,2023Q3,2023-07,Mali,Sahel Core,13.822136,-4.207056,10,11,10,3
2023-08-05,2023,2023Q3,2023-08,Mali,Sahel Core,14.2482,-3.68829,15,15,15,3
2023-08-18,2023,2023Q3,2023-08,Mali,Sahel Core,14.33779,-3.396534,5,5,5,3
2023-08-18,2023,2023Q3,2023-08,Mali,Sahel Core,13.998235,-4.097343,23,30,16,3
2023-08-23,2023,2023Q3,2023-08,Mali,Sahel Core,13.9659,-4.2405,8,8,8,3
2023-11-09,2023,2023Q4,2023-11,Mali,Sahel Core,14.94329,-3.89474,7,7,7,3
2024-01-04,2024,2024Q1,2024-01,Mali,Sahel Core,13.89493,-5.31757,1,1,1,3
2024-01-04,2024,2024Q1,2024-01,Mali,Sahel Core,13.93177,-5.35798,1,1,1,3
2024-01-27,2024,2024Q1,2024-01,Mali,Sahel Core,13.823598,-3.74343,28,28,28,3
2024-01-27,2024,2024Q1,2024-01,Mali,Sahel Core,13.809325,-3.72501,4,4,4,3
2024-01-28,2024,2024Q1,2024-01,Mali,Sahel Core,14.46019,-6.03291,1,1,1,3
2024-01-28,2024,2024Q1,2024-01,Mali,Sahel Core,14.483047,-6.036347,1,1,1,3
2024-03-10,2024,2024Q1,2024-03,Mali,Sahel Core,13.996111,-3.941111,8,8,8,3
2024-03-17,2024,2024Q1,2024-03,Mali,Sahel Core,15.026576,-2.12439,0,6,0,3
2024-03-28,2024,2024Q1,2024-03,Mali,Sahel Core,15.07658,-2.21976,2,2,2,3
2024-04-20,2024,2024Q2,2024-04,Mali,Sahel Core,13.794468,-3.731242,9,9,9,3
2024-05-02,2024,2024Q2,2024-05,Mali,Sahel Core,13.83291,-5.75323,9,9,9,3
2024-05-25,2024,2024Q2,2024-05,Mali,Sahel Core,13.7377,-3.6265,20,20,20,3
2024-06-25,2024,2024Q2,2024-06,Mali,Sahel Core,14.2639,-3.60909,2,2,2,3
2024-07-01,2024,2024Q3,2024-07,Mali,Sahel Core,14.1903,-3.58929,21,40,10,3
2024-07-01,2024,2024Q3,2024-07,Mali,Sahel Core,13.7476,-3.557,2,2,2,3
2024-07-01,2024,2024Q3,2024-07,Mali,Sahel Core,13.7476,-3.557,2,2,2,3
2024-07-15,2024,2024Q3,2024-07,Mali,Sahel Core,14.223042,-3.911935,3,3,3,3
2024-08-26,2024,2024Q3,2024-08,Mali,Sahel Core,15.13515,-9.89349,1,1,1,3
2024-09-13,2024,2024Q3,2024-09,Mali,Sahel Core,14.05297,-5.557378,1,1,1,3
2024-09-13,2024,2024Q3,2024-09,Mali,Sahel Core,14.349621,-3.611147,5,5,5,3
2024-09-29,2024,2024Q3,2024-09,Mali,Sahel Core,14.4,-3.644,1,1,1,3
2024-09-29,2024,2024Q3,2024-09,Mali,Sahel Core,14.4039,-3.69809,5,5,5,3
2024-10-05,2024,2024Q4,2024-10,Mali,Sahel Core,15.750391,-4.547862,1,1,1,3
2024-10-21,2024,2024Q4,2024-10,Mali,Sahel Core,15.869926,-4.244857,2,2,2,3
2024-11-05,2024,2024Q4,2024-11,Mali,Sahel Core,13.888758,-3.742197,4,3,3,3
2024-11-05,2024,2024Q4,2024-11,Mali,Sahel Core,14.3027,-3.42859,3,4,3,3
2024-11-05,2024,2024Q4,2024-11,Mali,Sahel Core,14.01608,-3.963801,3,3,4,3
2024-11-08,2024,2024Q4,2024-11,Mali,Sahel Core,14.45,-3.83,9,9,9,3
2024-11-11,2024,2024Q4,2024-11,Mali,Sahel Core,13.8296,-3.5509,9,10,9,3
2024-11-19,2024,2024Q4,2024-11,Mali,Sahel Core,14.45,-3.83,8,8,8,3
2024-12-15,2024,2024Q4,2024-12,Mali,Sahel Core,13.844092,-3.75198,7,7,7,3
2024-12-15,2024,2024Q4,2024-12,Mali,Sahel Core,13.827284,-3.771026,2,2,2,3
2020-01-15,2020,2020Q1,2020-01,Mali,Sahel Core,15.0341,-3.0793,14,15,14,3
2020-03-22,2020,2020Q1,2020-03,Mali,Sahel Core,13.4616,-3.3044,7,7,0,3
2020-03-22,2020,2020Q1,2020-03,Mali,Sahel Core,13.38651,-3.31605,6,6,0,3
2020-03-22,2020,2020Q1,2020-03,Mali,Sahel Core,13.3806,-3.3435,7,7,0,3
2020-05-05,2020,2020Q2,2020-05,Mali,Sahel Core,14.16574,-4.10611,18,18,12,3
2020-09-18,2020,2020Q3,2020-09,Mali,Sahel Core,14.8921,-6.1414,2,2,2,3
2020-11-03,2020,2020Q4,2020-11,Mali,Sahel Core,14.8059,-6.0182,0,1,0,3
2020-11-12,2020,2020Q4,2020-11,Mali,Sahel Core,14.2414,-4.06879,3,3,3,3
2021-05-27,2021,2021Q2,2021-05,Mali,Sahel Core,13.9282,-6.2083,8,8,8,3
2021-05-27,2021,2021Q2,2021-05,Mali,Sahel Core,13.82049,-6.12057,8,8,8,3
2022-04-04,2022,2022Q2,2022-04,Mali,Sahel Core,14.56,-6.01,4,4,4,3
2022-05-02,2022,2022Q2,2022-05,Mali,Sahel Core,14.13814,-5.01781,1,1,1,3
2022-05-25,2022,2022Q2,2022-05,Mali,Sahel Core,14.2526,-5.993,2,2,2,3
2023-01-09,2023,2023Q1,2023-01,Mali,Sahel Core,14.36138,-5.91305,1,1,1,3
2023-04-27,2023,2023Q2,2023-04,Mali,Sahel Core,14.0121,-5.6042,3,3,3,3
2023-07-01,2023,2023Q3,2023-07,Mali,Sahel Core,14.0664,-3.45379,1,1,1,3
2023-08-26,2023,2023Q3,2023-08,Mali,Sahel Core,14.01667,-4.23333,1,1,1,3
2023-12-23,2023,2023Q4,2023-12,Mali,Sahel Core,13.99142,-5.429014,7,7,7,3
2024-01-06,2024,2024Q1,2024-01,Mali,Sahel Core,13.765938,-5.107015,13,13,13,3
2024-03-08,2024,2024Q1,2024-03,Mali,Sahel Core,13.746301,-5.414582,0,30,0,3
2020-03-16,2020,2020Q1,2020-03,Mali,Sahel Core,14.500037,-3.629037,7,7,7,2
2020-03-28,2020,2020Q1,2020-03,Mali,Sahel Core,13.4085,-3.6346,22,22,22,2
2020-10-06,2020,2020Q4,2020-10,Mali,Sahel Core,14.8921,-6.1414,13,13,13,2
2020-11-24,2020,2020Q4,2020-11,Mali,Sahel Core,13.7324,-3.5191,12,12,12,2
2020-12-06,2020,2020Q4,2020-12,Mali,Sahel Core,14.884053,-5.968576,0,3,0,2
2021-01-04,2021,2021Q1,2021-01,Mali,Sahel Core,15.40845,-10.22252,2,2,2,2
2021-03-18,2021,2021Q1,2021-03,Mali,Sahel Core,14.25125,-4.01255,2,2,2,2
2021-04-12,2021,2021Q2,2021-04,Mali,Sahel Core,14.13227,-4.34301,4,4,4,2
2021-04-12,2021,2021Q2,2021-04,Mali,Sahel Core,13.958393,-4.618199,4,4,4,2
2021-04-12,2021,2021Q2,2021-04,Mali,Sahel Core,13.997604,-4.365596,16,26,16,2
2021-04-21,2021,2021Q2,2021-04,Mali,Sahel Core,14.08,-4.43,7,7,7,2
2021-04-28,2021,2021Q2,2021-04,Mali,Sahel Core,13.981905,-4.288314,1,1,1,2
2021-07-23,2021,2021Q3,2021-07,Mali,Sahel Core,13.979525,-4.28789,4,4,4,2
2021-08-07,2021,2021Q3,2021-08,Mali,Sahel Core,13.8324,-6.4506,16,16,16,2
2021-08-07,2021,2021Q3,2021-08,Mali,Sahel Core,14.08,-4.43,7,43,7,2
2021-08-09,2021,2021Q3,2021-08,Mali,Sahel Core,14.566,-5.426,25,25,25,2
2021-08-11,2021,2021Q3,2021-08,Mali,Sahel Core,14.8252,-5.2547,5,5,5,2
2021-08-16,2021,2021Q3,2021-08,Mali,Sahel Core,14.08,-4.43,17,17,17,2
2021-08-20,2021,2021Q3,2021-08,Mali,Sahel Core,13.958393,-4.618199,1,1,1,2
2021-08-20,2021,2021Q3,2021-08,Mali,Sahel Core,14.2526,-5.993,3,3,3,2
2021-09-02,2021,2021Q3,2021-09,Mali,Sahel Core,14.23719,-6.02269,1,1,1,2
2021-09-04,2021,2021Q3,2021-09,Mali,Sahel Core,14.6408,-5.8276,2,2,2,2
2021-09-07,2021,2021Q3,2021-09,Mali,Sahel Core,14.6408,-5.8276,3,3,3,2
2021-09-09,2021,2021Q3,2021-09,Mali,Sahel Core,13.94,-5.75,2,2,2,2
2021-09-23,2021,2021Q3,2021-09,Mali,Sahel Core,14.04,-4.467,4,5,4,2
2021-10-04,2021,2021Q4,2021-10,Mali,Sahel Core,14.04,-4.467,2,2,2,2
2021-10-06,2021,2021Q4,2021-10,Mali,Sahel Core,14.483047,-6.036347,28,28,28,2
2021-10-20,2021,2021Q4,2021-10,Mali,Sahel Core,14.08,-4.43,50,70,47,2
2021-10-23,2021,2021Q4,2021-10,Mali,Sahel Core,14.3027,-3.42859,2,2,2,2
2021-11-08,2021,2021Q4,2021-11,Mali,Sahel Core,13.9487,-6.0258,7,7,7,2
2022-01-01,2022,2022Q1,2022-01,Mali,Sahel Core,13.9922,-4.3325,7,7,7,2
2022-01-16,2022,2022Q1,2022-01,Mali,Sahel Core,15.02377,-2.89594,4,4,4,2
2022-01-29,2022,2022Q1,2022-01,Mali,Sahel Core,15.00155,-2.94978,40,40,40,2
2022-02-27,2022,2022Q1,2022-02,Mali,Sahel Core,13.98517,-4.39916,1,1,1,2
2022-02-27,2022,2022Q1,2022-02,Mali,Sahel Core,13.9615,-4.39812,1,1,1,2
2022-02-27,2022,2022Q1,2022-02,Mali,Sahel Core,13.9766,-4.4325,2,2,2,2
2022-03-03,2022,2022Q1,2022-03,Mali,Sahel Core,13.973,-4.3111,3,3,3,2
2022-05-25,2022,2022Q2,2022-05,Mali,Sahel Core,14.2526,-5.993,2,2,2,2
2022-06-19,2022,2022Q2,2022-06,Mali,Sahel Core,13.844092,-3.75198,1,1,1,2
2022-06-20,2022,2022Q2,2022-06,Mali,Sahel Core,14.1903,-3.58929,2,2,2,2
2022-06-23,2022,2022Q2,2022-06,Mali,Sahel Core,13.9922,-4.3325,3,3,3,2
2022-06-23,2022,2022Q2,2022-06,Mali,Sahel Core,13.9863,-4.2831,4,4,4,2
2022-06-24,2022,2022Q2,2022-06,Mali,Sahel Core,13.9922,-4.3325,2,2,2,2
2022-07-16,2022,2022Q3,2022-07,Mali,Sahel Core,14.2526,-5.993,6,6,6,2
2022-08-02,2022,2022Q3,2022-08,Mali,Sahel Core,13.844092,-3.75198,2,2,2,2
2022-11-06,2022,2022Q4,2022-11,Mali,Sahel Core,13.9603,-4.5128,1,1,1,2
2022-11-25,2022,2022Q4,2022-11,Mali,Sahel Core,13.786092,-5.735848,8,8,8,2
2022-12-14,2022,2022Q4,2022-12,Mali,Sahel Core,13.85871,-5.728836,1,1,1,2
2022-12-17,2022,2022Q4,2022-12,Mali,Sahel Core,14.01955,-6.14131,1,1,1,2
2023-01-11,2023,2023Q1,2023-01,Mali,Sahel Core,14.0432,-6.1067,6,6,6,2
2023-03-30,2023,2023Q1,2023-03,Mali,Sahel Core,14.140222,-5.977751,7,7,7,2
2023-08-25,2023,2023Q3,2023-08,Mali,Sahel Core,14.0814,-5.6103,2,2,2,2
2023-10-18,2023,2023Q4,2023-10,Mali,Sahel Core,14.483047,-6.036347,4,4,4,2
2024-02-03,2024,2024Q1,2024-02,Mali,Sahel Core,13.6,-5.9,10,10,10,2
2024-02-12,2024,2024Q1,2024-02,Mali,Sahel Core,14.393409,-5.935209,17,17,17,2
2024-03-15,2024,2024Q1,2024-03,Mali,Sahel Core,13.828997,-4.992834,7,8,7,2
2024-03-16,2024,2024Q1,2024-03,Mali,Sahel Core,13.828997,-4.992834,8,7,8,2
2024-09-16,2024,2024Q3,2024-09,Mali,Sahel Core,13.828997,-4.992834,8,8,8,2
2024-09-22,2024,2024Q3,2024-09,Mali,Sahel Core,13.541,-4.966509,11,11,11,2
2024-10-09,2024,2024Q4,2024-10,Mali,Sahel Core,14.0432,-6.1067,1,1,1,2
2024-10-26,2024,2024Q4,2024-10,Mali,Sahel Core,13.828997,-4.992834,2,2,2,2
2022-03-20,2022,2022Q1,2022-03,Mali,Sahel Core,15.9182,2.4022,3,4,3,2
2022-03-22,2022,2022Q1,2022-03,Mali,Sahel Core,15.9182,2.4022,4,3,4,2
2022-03-08,2022,2022Q1,2022-03,Mali,Sahel Core,15.741085,3.355822,17,17,12,2
2022-03-12,2022,2022Q1,2022-03,Mali,Sahel Core,15.605,3.386389,19,19,19,2
2022-03-13,2022,2022Q1,2022-03,Mali,Sahel Core,15.88998,3.935121,20,20,20,2
2022-03-15,2022,2022Q1,2022-03,Mali,Sahel Core,15.781379,3.697446,20,20,20,2
2022-08-31,2022,2022Q3,2022-08,Mali,Sahel Core,15.781379,3.697446,0,1,0,2
2022-09-02,2022,2022Q3,2022-09,Mali,Sahel Core,15.631216,2.89242,0,2,0,2
2022-09-03,2022,2022Q3,2022-09,Mali,Sahel Core,16.09862,1.69195,0,3,0,2
2021-02-04,2021,2021Q1,2021-02,Mali,Sahel Core,15.42774,3.11034,12,23,12,2
2021-02-14,2021,2021Q1,2021-02,Mali,Sahel Core,15.931718,1.958173,3,3,3,2
2021-03-04,2021,2021Q1,2021-03,Mali,Sahel Core,15.4275,3.0175,10,42,10,2
2022-03-01,2022,2022Q1,2022-03,Mali,Sahel Core,15.69972,3.73639,1,1,1,2
2022-03-02,2022,2022Q1,2022-03,Mali,Sahel Core,16.66166,2.70226,8,8,8,2
2022-03-08,2022,2022Q1,2022-03,Mali,Sahel Core,15.781379,3.697446,7,7,7,2
2022-03-26,2022,2022Q1,2022-03,Mali,Sahel Core,16.66166,2.70226,33,33,33,2
2022-03-27,2022,2022Q1,2022-03,Mali,Sahel Core,15.663249,3.388185,0,24,0,2
2022-03-27,2022,2022Q1,2022-03,Mali,Sahel Core,15.605,3.386389,0,24,0,2
2022-05-12,2022,2022Q2,2022-05,Mali,Sahel Core,16.66166,2.70226,1,1,1,2
2022-05-20,2022,2022Q2,2022-05,Mali,Sahel Core,16.66166,2.70226,1,1,1,2
2022-05-22,2022,2022Q2,2022-05,Mali,Sahel Core,15.948679,3.157282,0,20,0,2
2022-05-22,2022,2022Q2,2022-05,Mali,Sahel Core,16.14694,3.26722,33,40,33,2
2022-11-23,2022,2022Q4,2022-11,Mali,Sahel Core,15.781379,3.697446,0,5,0,2
2022-12-05,2022,2022Q4,2022-12,Mali,Sahel Core,15.9182,2.4022,1,1,1,2
2023-05-09,2023,2023Q2,2023-05,Mali,Sahel Core,16.175543,2.415058,2,2,2,2
2023-09-05,2023,2023Q3,2023-09,Mali,Sahel Core,15.9182,2.4022,1,1,1,2
2024-03-05,2024,2024Q1,2024-03,Mali,Sahel Core,15.9182,2.4022,0,2,0,2
2024-04-28,2024,2024Q2,2024-04,Mali,Sahel Core,15.63707,2.23976,1,1,1,2
2024-06-27,2024,2024Q2,2024-06,Mali,Sahel Core,15.9182,2.4022,6,10,6,2
2024-07-01,2024,2024Q3,2024-07,Mali,Sahel Core,16.271667,-0.044722,1,1,1,2
2020-01-19,2020,2020Q1,2020-01,Mali,Sahel Core,15.736902,0.780081,5,5,5,1
2020-02-08,2020,2020Q1,2020-02,Mali,Sahel Core,15.27898,-1.70037,1,1,0,1
2020-02-09,2020,2020Q1,2020-02,Mali,Sahel Core,15.2807,-5.5549,3,20,3,1
2020-02-14,2020,2020Q1,2020-02,Mali,Sahel Core,15.3533,0.7607,8,8,8,1
2020-02-14,2020,2020Q1,2020-02,Mali,Sahel Core,14.67619,-1.95127,1,1,1,1
2020-04-11,2020,2020Q2,2020-04,Mali,Sahel Core,15.893456,2.084089,2,2,0,1
2020-04-13,2020,2020Q2,2020-04,Mali,Sahel Core,16.66166,2.70226,1,1,0,1
2020-05-04,2020,2020Q2,2020-05,Mali,Sahel Core,15.489844,2.552977,3,3,3,1
2020-05-17,2020,2020Q2,2020-05,Mali,Sahel Core,15.7681,0.9847,1,1,1,1
2020-06-03,2020,2020Q2,2020-06,Mali,Sahel Core,15.1787,0.7238,3,3,2,1
2020-06-06,2020,2020Q2,2020-06,Mali,Sahel Core,15.352026,1.996146,0,1,0,1
2020-08-17,2020,2020Q3,2020-08,Mali,Sahel Core,15.781379,3.697446,1,1,1,1
2020-09-22,2020,2020Q3,2020-09,Mali,Sahel Core,15.868598,1.527557,0,1,0,1
2020-10-10,2020,2020Q4,2020-10,Mali,Sahel Core,15.605,3.386389,0,1,0,1
2020-10-11,2020,2020Q4,2020-10,Mali,Sahel Core,15.605,3.386389,0,1,0,1
2020-12-09,2020,2020Q4,2020-12,Mali,Sahel Core,15.3761,-0.9017,0,1,0,1
2021-02-12,2021,2021Q1,2021-02,Mali,Sahel Core,15.3177,0.7446,5,5,5,1
2021-02-12,2021,2021Q1,2021-02,Mali,Sahel Core,15.3177,0.7446,0,1,0,1
2021-02-21,2021,2021Q1,2021-02,Mali,Sahel Core,15.868598,1.527557,6,6,6,1
2021-02-26,2021,2021Q1,2021-02,Mali,Sahel Core,15.6594,1.5177,0,1,0,1
2021-03-05,2021,2021Q1,2021-03,Mali,Sahel Core,15.4024,1.297,0,1,0,1
2021-03-15,2021,2021Q1,2021-03,Mali,Sahel Core,15.2238,0.2925,53,53,53,1
2021-03-16,2021,2021Q1,2021-03,Mali,Sahel Core,15.04331,0.24711,0,1,0,1
2021-03-26,2021,2021Q1,2021-03,Mali,Sahel Core,15.90356,1.83729,1,1,1,1
2021-04-03,2021,2021Q2,2021-04,Mali,Sahel Core,14.99811,0.24184,10,10,10,1
2021-04-03,2021,2021Q2,2021-04,Mali,Sahel Core,15.736902,0.780081,10,10,10,1
2021-05-08,2021,2021Q2,2021-05,Mali,Sahel Core,15.736902,0.780081,0,1,0,1
2021-06-08,2021,2021Q2,2021-06,Mali,Sahel Core,15.52511,1.93441,3,9,3,1
2021-06-15,2021,2021Q2,2021-06,Mali,Sahel Core,15.7177,2.2512,4,4,4,1
2021-06-30,2021,2021Q2,2021-06,Mali,Sahel Core,14.96972,0.703956,0,1,0,1
2021-07-10,2021,2021Q3,2021-07,Mali,Sahel Core,15.4729,0.6941,0,1,0,1
2021-07-21,2021,2021Q3,2021-07,Mali,Sahel Core,16.66166,2.70226,2,2,2,1
2021-10-14,2021,2021Q4,2021-10,Mali,Sahel Core,15.736902,0.780081,3,3,3,1
2021-10-20,2021,2021Q4,2021-10,Mali,Sahel Core,16.271667,-0.044722,2,2,2,1
2021-11-15,2021,2021Q4,2021-11,Mali,Sahel Core,15.893456,2.084089,0,1,0,1
2021-12-26,2021,2021Q4,2021-12,Mali,Sahel Core,15.6597,0.5022,0,1,0,1
2022-01-04,2022,2022Q1,2022-01,Mali,Sahel Core,15.741085,3.355822,0,1,0,1
2022-02-01,2022,2022Q1,2022-02,Mali,Sahel Core,15.868598,1.527557,10,10,10,1
2022-02-03,2022,2022Q1,2022-02,Mali,Sahel Core,15.868598,1.527557,20,20,20,1
2022-02-09,2022,2022Q1,2022-02,Mali,Sahel Core,15.671425,1.410247,8,8,8,1
2022-02-18,2022,2022Q1,2022-02,Mali,Sahel Core,15.1701,0.1405,65,65,65,1
2022-03-12,2022,2022Q1,2022-03,Mali,Sahel Core,15.736902,0.780081,0,1,0,1
2022-03-13,2022,2022Q1,2022-03,Mali,Sahel Core,15.893456,2.084089,3,3,3,1
2022-03-21,2022,2022Q1,2022-03,Mali,Sahel Core,15.2238,0.2925,14,20,14,1
2022-03-24,2022,2022Q1,2022-03,Mali,Sahel Core,15.064461,0.635247,0,1,0,1
2022-03-26,2022,2022Q1,2022-03,Mali,Sahel Core,15.6597,0.5022,1,2,1,1
2022-03-26,2022,2022Q1,2022-03,Mali,Sahel Core,15.6972,1.6309,0,1,0,1
2022-04-17,2022,2022Q2,2022-04,Mali,Sahel Core,15.52511,1.93441,0,1,0,1
2022-05-09,2022,2022Q2,2022-05,Mali,Sahel Core,15.893456,2.084089,0,1,0,1
2022-06-05,2022,2022Q2,2022-06,Mali,Sahel Core,15.43832,2.70247,70,167,70,1
2022-06-30,2022,2022Q2,2022-06,Mali,Sahel Core,15.9182,2.4022,1,1,1,1
2022-08-07,2022,2022Q3,2022-08,Mali,Sahel Core,15.2238,0.2925,2,2,2,1
2022-08-07,2022,2022Q3,2022-08,Mali,Sahel Core,15.2238,0.2925,53,53,53,1
2022-08-13,2022,2022Q3,2022-08,Mali,Sahel Core,15.4729,0.6941,0,1,0,1
2022-08-29,2022,2022Q3,2022-08,Mali,Sahel Core,16.271667,-0.044722,2,2,2,1
2022-08-29,2022,2022Q3,2022-08,Mali,Sahel Core,15.2238,0.2925,46,46,46,1
2022-09-27,2022,2022Q3,2022-09,Mali,Sahel Core,14.99811,0.24184,0,1,0,1
2022-10-12,2022,2022Q4,2022-10,Mali,Sahel Core,15.1365,0.3436,11,11,11,1
2022-10-24,2022,2022Q4,2022-10,Mali,Sahel Core,15.206,0.33628,1,1,1,1
2023-03-17,2023,2023Q1,2023-03,Mali,Sahel Core,15.893456,2.084089,0,1,0,1
2023-03-19,2023,2023Q1,2023-03,Mali,Sahel Core,15.868598,1.527557,40,40,40,1
2023-04-20,2023,2023Q2,2023-04,Mali,Sahel Core,14.96972,0.703956,1,2,1,1
2023-05-29,2023,2023Q2,2023-05,Mali,Sahel Core,15.9182,2.4022,1,1,1,1
2023-07-06,2023,2023Q3,2023-07,Mali,Sahel Core,15.1787,0.7238,3,3,3,1
2023-08-03,2023,2023Q3,2023-08,Mali,Sahel Core,15.803665,2.526749,21,30,21,1
2023-09-16,2023,2023Q3,2023-09,Mali,Sahel Core,15.781379,3.697446,7,7,7,1
2023-09-23,2023,2023Q3,2023-09,Mali,Sahel Core,15.3177,0.7446,6,6,6,1
2023-10-20,2023,2023Q4,2023-10,Mali,Sahel Core,15.3826,2.1009,3,3,3,1
2023-10-20,2023,2023Q4,2023-10,Mali,Sahel Core,15.70313,2.440466,1,12,1,1
2023-11-15,2023,2023Q4,2023-11,Mali,Sahel Core,15.741085,3.355822,12,12,12,1
2023-11-17,2023,2023Q4,2023-11,Mali,Sahel Core,15.4275,3.0175,2,2,2,1
2023-11-26,2023,2023Q4,2023-11,Mali,Sahel Core,16.485088,2.18278,1,1,1,1
2023-12-03,2023,2023Q4,2023-12,Mali,Sahel Core,15.9182,2.4022,34,34,34,1
2023-12-03,2023,2023Q4,2023-12,Mali,Sahel Core,14.973855,0.710726,32,43,32,1
2023-12-25,2023,2023Q4,2023-12,Mali,Sahel Core,15.3177,0.7446,12,12,12,1
2024-01-02,2024,2024Q1,2024-01,Mali,Sahel Core,15.9182,2.4022,7,7,7,1
2024-01-14,2024,2024Q1,2024-01,Mali,Sahel Core,16.486641,2.1829,1,1,1,1
2024-01-21,2024,2024Q1,2024-01,Mali,Sahel Core,15.52511,1.93441,13,13,13,1
2024-02-05,2024,2024Q1,2024-02,Mali,Sahel Core,15.1541,0.8904,0,1,0,1
2024-02-05,2024,2024Q1,2024-02,Mali,Sahel Core,15.1322,0.6795,0,1,0,1
2024-02-13,2024,2024Q1,2024-02,Mali,Sahel Core,15.064461,0.635247,20,20,20,1
2024-03-03,2024,2024Q1,2024-03,Mali,Sahel Core,15.3177,0.7446,0,1,0,1
2024-03-06,2024,2024Q1,2024-03,Mali,Sahel Core,14.96972,0.703956,5,5,5,1
2024-03-11,2024,2024Q1,2024-03,Mali,Sahel Core,15.9182,2.4022,3,3,3,1
2024-04-03,2024,2024Q2,2024-04,Mali,Sahel Core,15.684491,2.95905,7,7,7,1
2024-04-10,2024,2024Q2,2024-04,Mali,Sahel Core,15.4024,1.297,0,1,0,1
2024-04-13,2024,2024Q2,2024-04,Mali,Sahel Core,15.064461,0.635247,0,1,0,1
2024-04-29,2024,2024Q2,2024-04,Mali,Sahel Core,15.4024,1.297,4,5,4,1
2024-05-24,2024,2024Q2,2024-05,Mali,Sahel Core,15.52511,1.93441,0,1,0,1
2024-05-25,2024,2024Q2,2024-05,Mali,Sahel Core,15.352026,1.996146,0,1,0,1
2024-05-25,2024,2024Q2,2024-05,Mali,Sahel Core,15.70313,2.440466,0,1,0,1
2024-05-25,2024,2024Q2,2024-05,Mali,Sahel Core,15.3826,2.1009,0,1,0,1
2024-06-14,2024,2024Q2,2024-06,Mali,Sahel Core,15.868598,1.527557,3,38,3,1
2024-07-30,2024,2024Q3,2024-07,Mali,Sahel Core,15.7745,0.3713,14,20,10,1
2024-10-13,2024,2024Q4,2024-10,Mali,Sahel Core,16.485088,2.18278,1,1,1,1
2024-10-14,2024,2024Q4,2024-10,Mali,Sahel Core,16.66166,2.70226,13,13,14,1
2024-10-14,2024,2024Q4,2024-10,Mali,Sahel Core,15.52511,1.93441,13,14,13,1
2024-10-14,2024,2024Q4,2024-10,Mali,Sahel Core,15.352026,1.996146,14,13,13,1
2024-10-31,2024,2024Q4,2024-10,Mali,Sahel Core,15.9182,2.4022,2,2,2,1
2024-11-19,2024,2024Q4,2024-11,Mali,Sahel Core,15.1787,0.7238,0,1,0,1
2024-11-26,2024,2024Q4,2024-11,Mali,Sahel Core,15.9182,2.4022,2,2,2,1
2024-12-07,2024,2024Q4,2024-12,Mali,Sahel Core,15.70313,2.440466,0,1,0,1
2024-12-15,2024,2024Q4,2024-12,Mali,Sahel Core,15.755616,2.6418,0,1,0,1
2024-12-16,2024,2024Q4,2024-12,Mali,Sahel Core,15.2238,0.2925,0,1,0,1
2024-12-19,2024,2024Q4,2024-12,Mali,Sahel Core,15.2238,0.2925,0,1,0,1
2022-10-31,2022,2022Q4,2022-10,Mali,Sahel Core,16.499166,0.653055,24,29,24,2
2023-03-14,2023,2023Q1,2023-03,Mali,Sahel Core,16.34283,0.2784,4,4,4,2
2023-03-18,2023,2023Q1,2023-03,Mali,Sahel Core,15.9182,2.4022,2,2,2,2
2024-01-11,2024,2024Q1,2024-01,Mali,Sahel Core,16.21067,-0.43634,9,9,9,2
2024-09-29,2024,2024Q3,2024-09,Mali,Sahel Core,16.21067,-0.43634,8,8,8,2
2020-02-14,2020,2020Q1,2020-02,Mali,Sahel Core,14.0664,-3.45379,36,36,0,3
2020-03-15,2020,2020Q1,2020-03,Mali,Sahel Core,14.9496,-3.35399,4,4,4,3
2020-07-04,2020,2020Q3,2020-07,Mali,Sahel Core,14.339856,-2.948679,3,3,3,3
2020-09-09,2020,2020Q3,2020-09,Mali,Sahel Core,14.654613,-3.103544,1,1,1,3
2021-03-27,2021,2021Q1,2021-03,Mali,Sahel Core,14.589,-3.8395,3,3,3,3
2022-04-25,2022,2022Q2,2022-04,Mali,Sahel Core,14.0775,-3.51594,1,1,1,3
2022-05-19,2022,2022Q2,2022-05,Mali,Sahel Core,14.455985,-4.01401,1,1,1,3
2022-07-29,2022,2022Q3,2022-07,Mali,Sahel Core,14.455985,-4.01401,1,1,1,3
2022-12-03,2022,2022Q4,2022-12,Mali,Sahel Core,14.349621,-3.611147,1,1,1,3
2023-01-24,2023,2023Q1,2023-01,Mali,Sahel Core,14.01667,-4.23333,2,2,2,3
2023-11-02,2023,2023Q4,2023-11,Mali,Sahel Core,14.52742,-4.09344,4,4,4,3
2020-05-26,2020,2020Q2,2020-05,Mali,Sahel Core,14.9387,-3.34479,9,9,9,2
2020-05-26,2020,2020Q2,2020-05,Mali,Sahel Core,14.1724,-2.92796,1,1,1,2
2020-05-26,2020,2020Q2,2020-05,Mali,Sahel Core,14.3874,-3.7243,1,1,1,2
2020-05-26,2020,2020Q2,2020-05,Mali,Sahel Core,13.777682,-3.772306,1,1,1,2
2020-12-09,2020,2020Q4,2020-12,Mali,Sahel Core,14.4039,-3.69809,5,5,5,2
2021-03-27,2021,2021Q1,2021-03,Mali,Sahel Core,14.589,-3.8395,3,3,3,2
2021-03-29,2021,2021Q1,2021-03,Mali,Sahel Core,14.2084,-3.6581,2,2,2,2
2021-04-23,2021,2021Q2,2021-04,Mali,Sahel Core,14.28,-3.68,3,3,3,2
2021-05-28,2021,2021Q2,2021-05,Mali,Sahel Core,14.67085,-3.08757,3,3,3,2
2021-06-27,2021,2021Q2,2021-06,Mali,Sahel Core,15.02454,-2.84901,6,6,6,2
2021-07-05,2021,2021Q3,2021-07,Mali,Sahel Core,14.2954,-3.4214,6,6,6,2
2021-07-30,2021,2021Q3,2021-07,Mali,Sahel Core,14.589,-3.8395,12,12,12,2
2021-08-24,2021,2021Q3,2021-08,Mali,Sahel Core,14.5036,-3.8194,1,3,1,2
2021-10-23,2021,2021Q4,2021-10,Mali,Sahel Core,14.3874,-3.7243,3,3,3,2
2021-12-07,2021,2021Q4,2021-12,Mali,Sahel Core,14.5353,-3.9619,10,10,10,2
2022-06-09,2022,2022Q2,2022-06,Mali,Sahel Core,14.5281,-3.27119,2,2,2,2
2022-08-26,2022,2022Q3,2022-08,Mali,Sahel Core,14.01667,-4.23333,36,36,36,2
2022-09-13,2022,2022Q3,2022-09,Mali,Sahel Core,14.6596,-3.27699,3,3,3,2
2022-10-14,2022,2022Q4,2022-10,Mali,Sahel Core,14.500037,-3.629037,1,1,1,2
2022-10-16,2022,2022Q4,2022-10,Mali,Sahel Core,14.500037,-3.629037,2,2,2,2
2022-11-10,2022,2022Q4,2022-11,Mali,Sahel Core,14.7947,-3.8127,3,3,3,2
2022-12-12,2022,2022Q4,2022-12,Mali,Sahel Core,13.891822,-3.754666,8,8,8,2
2023-01-28,2023,2023Q1,2023-01,Mali,Sahel Core,14.370886,-3.708915,2,2,2,2
2023-02-08,2023,2023Q1,2023-02,Mali,Sahel Core,14.3874,-3.7243,5,5,5,2
2023-04-15,2023,2023Q2,2023-04,Mali,Sahel Core,14.062712,-3.786969,3,3,3,2
2023-05-09,2023,2023Q2,2023-05,Mali,Sahel Core,14.3874,-3.7243,1,1,1,2
2023-05-27,2023,2023Q2,2023-05,Mali,Sahel Core,14.370886,-3.708915,4,4,4,2
2023-06-06,2023,2023Q2,2023-06,Mali,Sahel Core,14.238193,-4.120511,10,10,10,2
2023-07-02,2023,2023Q3,2023-07,Mali,Sahel Core,14.16782,-4.89367,14,14,14,2
2023-07-02,2023,2023Q3,2023-07,Mali,Sahel Core,13.8623,-4.3646,14,14,14,2
2023-07-08,2023,2023Q3,2023-07,Mali,Sahel Core,13.934117,-4.317627,19,20,19,2
2023-08-24,2023,2023Q3,2023-08,Mali,Sahel Core,14.2462,-4.14496,4,4,4,2
2024-01-21,2024,2024Q1,2024-01,Mali,Sahel Core,14.4935,-3.07279,8,8,8,2
2024-01-21,2024,2024Q1,2024-01,Mali,Sahel Core,14.2639,-3.60909,0,8,0,2
2024-02-08,2024,2024Q1,2024-02,Mali,Sahel Core,13.827284,-3.771026,1,1,1,2
2024-04-14,2024,2024Q2,2024-04,Mali,Sahel Core,14.408558,-3.751536,10,11,10,2
2024-05-31,2024,2024Q2,2024-05,Mali,Sahel Core,14.3592,-3.6896,3,3,3,2
2024-06-23,2024,2024Q2,2024-06,Mali,Sahel Core,13.728405,-4.186652,4,4,4,2
2024-07-21,2024,2024Q3,2024-07,Mali,Sahel Core,14.043521,-3.679303,25,25,25,2
2024-08-06,2024,2024Q3,2024-08,Mali,Sahel Core,14.495115,-3.904671,4,4,4,2
2024-09-14,2024,2024Q3,2024-09,Mali,Sahel Core,14.666667,-4.0,2,2,2,2
2024-09-23,2024,2024Q3,2024-09,Mali,Sahel Core,13.689222,-3.640596,3,3,3,2
2024-09-29,2024,2024Q3,2024-09,Mali,Sahel Core,14.7947,-3.8127,7,7,7,2
2024-10-25,2024,2024Q4,2024-10,Mali,Sahel Core,14.5902,-3.73789,14,14,14,2
2024-11-02,2024,2024Q4,2024-11,Mali,Sahel Core,14.465,-3.70399,14,14,14,2
2024-11-24,2024,2024Q4,2024-11,Mali,Sahel Core,14.45,-3.83,4,4,4,2
2024-11-25,2024,2024Q4,2024-11,Mali,Sahel Core,14.285601,-4.064253,13,13,13,2
2024-12-20,2024,2024Q4,2024-12,Mali,Sahel Core,13.827284,-3.771026,2,2,2,2
2024-12-20,2024,2024Q4,2024-12,Mali,Sahel Core,14.657233,-3.655273,2,2,2,2
2024-12-20,2024,2024Q4,2024-12,Mali,Sahel Core,14.666667,-4.0,1,1,1,2
2024-12-20,2024,2024Q4,2024-12,Mali,Sahel Core,13.8118,-3.6026,2,2,2,2
2020-04-01,2020,2020Q2,2020-04,Mali,Sahel Core,15.0191,-4.2324,36,36,36,2
2020-04-05,2020,2020Q2,2020-04,Mali,Sahel Core,14.82856,-4.1362,6,6,6,2
2020-04-15,2020,2020Q2,2020-04,Mali,Sahel Core,15.546111,-0.460556,0,4,0,2
2020-04-18,2020,2020Q2,2020-04,Mali,Sahel Core,15.3761,-0.9017,30,30,30,2
2020-07-28,2020,2020Q3,2020-07,Mali,Sahel Core,15.2238,0.2925,14,14,14,2
2020-08-22,2020,2020Q3,2020-08,Mali,Sahel Core,15.5371,-0.4383,12,12,12,2
2020-10-03,2020,2020Q4,2020-10,Mali,Sahel Core,15.868598,1.527557,5,5,5,2
2020-10-03,2020,2020Q4,2020-10,Mali,Sahel Core,15.582508,0.888687,5,5,5,2
2020-10-10,2020,2020Q4,2020-10,Mali,Sahel Core,15.546111,-0.460556,12,12,12,2
2020-11-29,2020,2020Q4,2020-11,Mali,Sahel Core,15.868598,1.527557,6,6,6,2
2020-12-07,2020,2020Q4,2020-12,Mali,Sahel Core,15.546111,-0.460556,6,6,6,2
2020-12-11,2020,2020Q4,2020-12,Mali,Sahel Core,15.3761,-0.9017,1,1,1,2
2020-12-12,2020,2020Q4,2020-12,Mali,Sahel Core,15.3761,-0.9017,20,20,20,2
2020-12-13,2020,2020Q4,2020-12,Mali,Sahel Core,16.271667,-0.044722,3,3,3,2
2021-03-03,2021,2021Q1,2021-03,Mali,Sahel Core,14.99811,0.24184,9,9,9,2
2021-03-13,2021,2021Q1,2021-03,Mali,Sahel Core,15.736902,0.780081,4,4,4,2
2021-03-25,2021,2021Q1,2021-03,Mali,Sahel Core,15.736902,0.780081,9,9,9,2
2021-05-13,2021,2021Q2,2021-05,Mali,Sahel Core,15.3761,-0.9017,0,3,0,2
2021-05-22,2021,2021Q2,2021-05,Mali,Sahel Core,15.546111,-0.460556,0,2,0,2
2021-08-11,2021,2021Q3,2021-08,Mali,Sahel Core,14.7776,-3.9203,1,1,1,2
2021-08-31,2021,2021Q3,2021-08,Mali,Sahel Core,14.52742,-4.09344,2,2,2,2
2021-11-04,2021,2021Q4,2021-11,Mali,Sahel Core,15.736902,0.780081,15,15,15,2
2022-02-05,2022,2022Q1,2022-02,Mali,Sahel Core,15.736902,0.780081,10,10,10,2
2022-08-26,2022,2022Q3,2022-08,Mali,Sahel Core,16.48722,2.78911,12,12,12,2
2022-10-27,2022,2022Q4,2022-10,Mali,Sahel Core,16.055555,3.021111,0,10,0,2
2022-10-28,2022,2022Q4,2022-10,Mali,Sahel Core,16.042484,3.431967,34,40,34,2
2022-10-28,2022,2022Q4,2022-10,Mali,Sahel Core,15.781379,3.697446,9,32,9,2
2022-10-29,2022,2022Q4,2022-10,Mali,Sahel Core,15.781379,3.697446,22,27,22,2
2022-10-29,2022,2022Q4,2022-10,Mali,Sahel Core,15.4275,3.0175,9,9,9,2
2022-10-29,2022,2022Q4,2022-10,Mali,Sahel Core,15.605,3.386389,23,28,23,2
2022-10-31,2022,2022Q4,2022-10,Mali,Sahel Core,15.4275,3.0175,9,47,9,2
2022-11-03,2022,2022Q4,2022-11,Mali,Sahel Core,15.948679,3.157282,0,5,0,2
2022-11-13,2022,2022Q4,2022-11,Mali,Sahel Core,15.3761,-0.9017,85,85,85,2
2022-11-28,2022,2022Q4,2022-11,Mali,Sahel Core,16.20709,2.19109,0,1,0,2
2022-12-05,2022,2022Q4,2022-12,Mali,Sahel Core,16.54336,1.02242,0,8,0,2
2022-12-07,2022,2022Q4,2022-12,Mali,Sahel Core,15.362646,-0.411605,100,100,100,2
2022-12-08,2022,2022Q4,2022-12,Mali,Sahel Core,16.15,1.25,0,8,0,2
2022-12-16,2022,2022Q4,2022-12,Mali,Sahel Core,15.948679,3.157282,0,5,0,2
2022-12-23,2022,2022Q4,2022-12,Mali,Sahel Core,17.73222,2.94694,0,3,0,2
2023-02-10,2023,2023Q1,2023-02,Mali,Sahel Core,15.1271,0.0132,3,3,3,2
2023-02-16,2023,2023Q1,2023-02,Mali,Sahel Core,15.3761,-0.9017,1,1,1,2
2023-02-28,2023,2023Q1,2023-02,Mali,Sahel Core,16.102917,2.21964,30,60,30,2
2023-03-05,2023,2023Q1,2023-03,Mali,Sahel Core,15.7345,0.4033,3,3,3,2
2023-05-14,2023,2023Q2,2023-05,Mali,Sahel Core,16.0463,-0.4976,2,2,2,2
2023-06-03,2023,2023Q2,2023-06,Mali,Sahel Core,16.72237,0.43984,8,8,8,2
2023-06-04,2023,2023Q2,2023-06,Mali,Sahel Core,20.0,-3.0,10,10,10,2
2023-07-08,2023,2023Q3,2023-07,Mali,Sahel Core,15.064461,0.635247,24,24,24,2
2023-07-08,2023,2023Q3,2023-07,Mali,Sahel Core,15.736902,0.780081,24,24,24,2
2023-07-08,2023,2023Q3,2023-07,Mali,Sahel Core,14.99811,0.24184,24,24,24,2
2023-07-10,2023,2023Q3,2023-07,Mali,Sahel Core,15.3177,0.7446,9,9,9,2
2023-07-27,2023,2023Q3,2023-07,Mali,Sahel Core,14.79832,-1.302596,30,114,24,2
2024-03-09,2024,2024Q1,2024-03,Mali,Sahel Core,15.81908,-0.413032,11,11,11,2
2024-10-03,2024,2024Q4,2024-10,Mali,Sahel Core,15.867153,0.223747,0,1,0,2
2024-12-01,2024,2024Q4,2024-12,Mali,Sahel Core,16.271667,-0.044722,9,9,9,2
2023-08-04,2023,2023Q3,2023-08,Mali,Sahel Core,15.5499,-5.4113,2,2,2,1
2023-09-12,2023,2023Q3,2023-09,Mali,Sahel Core,16.955,-0.34861,28,28,28,1
2023-09-12,2023,2023Q3,2023-09,Mali,Sahel Core,16.955,-0.34861,28,28,28,1
2023-09-13,2023,2023Q3,2023-09,Mali,Sahel Core,17.358497,0.150096,3,3,3,1
2023-09-17,2023,2023Q3,2023-09,Mali,Sahel Core,15.7118,-4.9118,13,45,13,1
2023-09-27,2023,2023Q3,2023-09,Mali,Sahel Core,14.8252,-5.2547,5,7,5,1
2023-09-30,2023,2023Q3,2023-09,Mali,Sahel Core,18.441111,1.407778,2,2,2,1
2023-10-01,2023,2023Q4,2023-10,Mali,Sahel Core,17.033333,-1.4,27,27,27,1
2023-10-02,2023,2023Q4,2023-10,Mali,Sahel Core,17.732531,0.206083,1,1,1,1
2023-10-04,2023,2023Q4,2023-10,Mali,Sahel Core,17.847214,0.323268,1,1,1,1
2023-10-04,2023,2023Q4,2023-10,Mali,Sahel Core,17.732531,0.206083,1,1,1,1
2023-10-04,2023,2023Q4,2023-10,Mali,Sahel Core,16.93984,-0.573532,2,2,2,1
2023-10-05,2023,2023Q4,2023-10,Mali,Sahel Core,18.043889,0.603056,3,3,3,1
2023-10-05,2023,2023Q4,2023-10,Mali,Sahel Core,17.847214,0.323268,1,1,1,1
2023-10-06,2023,2023Q4,2023-10,Mali,Sahel Core,18.043889,0.603056,0,24,0,1
2023-10-25,2023,2023Q4,2023-10,Mali,Sahel Core,17.081666,0.764166,4,4,4,1
2023-11-03,2023,2023Q4,2023-11,Mali,Sahel Core,18.441111,1.407778,0,1,0,1
2023-11-07,2023,2023Q4,2023-11,Mali,Sahel Core,18.441111,1.407778,15,15,15,1
2023-11-11,2023,2023Q4,2023-11,Mali,Sahel Core,18.360151,1.324492,10,10,10,1
2023-11-12,2023,2023Q4,2023-11,Mali,Sahel Core,18.441111,1.407778,1,1,1,1
2023-11-12,2023,2023Q4,2023-11,Mali,Sahel Core,18.360151,1.324492,3,3,3,1
2023-11-13,2023,2023Q4,2023-11,Mali,Sahel Core,18.441111,1.407778,10,10,10,1
2023-11-23,2023,2023Q4,2023-11,Mali,Sahel Core,18.751995,1.175082,0,1,0,1
2023-12-21,2023,2023Q4,2023-12,Mali,Sahel Core,19.923336,2.979656,5,5,5,1
2024-02-13,2024,2024Q1,2024-02,Mali,Sahel Core,20.25999,1.8002,7,7,7,1
2024-03-01,2024,2024Q1,2024-03,Mali,Sahel Core,19.116667,1.75,0,3,0,1
2024-07-25,2024,2024Q3,2024-07,Mali,Sahel Core,19.91453,2.956026,24,24,24,1
2024-07-27,2024,2024Q3,2024-07,Mali,Sahel Core,19.667315,2.605761,31,43,31,1
2024-07-30,2024,2024Q3,2024-07,Mali,Sahel Core,19.949302,2.968133,6,50,6,1
2024-08-25,2024,2024Q3,2024-08,Mali,Sahel Core,19.923336,2.979656,20,30,7,1
2024-08-26,2024,2024Q3,2024-08,Mali,Sahel Core,19.330947,0.699481,7,7,7,1
2024-08-27,2024,2024Q3,2024-08,Mali,Sahel Core,19.923336,2.979656,0,1,0,1
2024-10-05,2024,2024Q4,2024-10,Mali,Sahel Core,18.45059,2.48795,7,7,7,1
2024-10-21,2024,2024Q4,2024-10,Mali,Sahel Core,15.64187,-2.152832,8,10,8,1
2024-12-01,2024,2024Q4,2024-12,Mali,Sahel Core,19.923336,2.979656,7,8,7,1
2024-01-08,2024,2024Q1,2024-01,Mali,Sahel Core,16.557,-4.0333,0,3,0,3
2024-01-09,2024,2024Q1,2024-01,Mali,Sahel Core,16.833055,-2.528888,10,10,10,3
2024-01-19,2024,2024Q1,2024-01,Mali,Sahel Core,19.955039,0.95203,3,3,3,3
2024-01-22,2024,2024Q1,2024-01,Mali,Sahel Core,14.964068,-7.514675,0,7,0,3
2024-01-23,2024,2024Q1,2024-01,Mali,Sahel Core,13.6,-5.9,1,1,1,3
2024-01-25,2024,2024Q1,2024-01,Mali,Sahel Core,15.660552,-4.351169,7,7,7,3
2024-01-26,2024,2024Q1,2024-01,Mali,Sahel Core,14.549958,-7.533268,25,25,25,3
2024-02-01,2024,2024Q1,2024-02,Mali,Sahel Core,18.3925,1.12444,7,7,7,3
2024-02-02,2024,2024Q1,2024-02,Mali,Sahel Core,14.821299,-3.975599,0,2,0,3
2024-02-02,2024,2024Q1,2024-02,Mali,Sahel Core,14.703332,-4.045295,0,2,0,3
2024-02-02,2024,2024Q1,2024-02,Mali,Sahel Core,14.732495,-3.990946,0,2,0,3
2024-02-17,2024,2024Q1,2024-02,Mali,Sahel Core,18.441111,1.407778,0,2,0,3
2024-02-21,2024,2024Q1,2024-02,Mali,Sahel Core,16.908889,-0.356667,0,3,0,3
2024-03-21,2024,2024Q1,2024-03,Mali,Sahel Core,14.56896,-2.90243,0,50,0,3
2024-03-30,2024,2024Q1,2024-03,Mali,Sahel Core,15.4701,-4.6122,0,1,0,3
2024-03-30,2024,2024Q1,2024-03,Mali,Sahel Core,14.74917,-2.94312,5,5,4,3
2024-03-30,2024,2024Q1,2024-03,Mali,Sahel Core,14.7077,-3.01039,4,6,4,3
2024-03-30,2024,2024Q1,2024-03,Mali,Sahel Core,14.7152,-3.01238,4,4,4,3
2024-04-02,2024,2024Q2,2024-04,Mali,Sahel Core,14.2526,-5.993,0,5,0,3
2024-04-05,2024,2024Q2,2024-04,Mali,Sahel Core,14.339856,-2.948679,0,2,0,3
2024-04-05,2024,2024Q2,2024-04,Mali,Sahel Core,14.339856,-2.948679,0,1,0,3
2024-04-08,2024,2024Q2,2024-04,Mali,Sahel Core,15.00155,-2.94978,0,15,0,3
2024-04-13,2024,2024Q2,2024-04,Mali,Sahel Core,18.043889,0.603056,0,9,0,3
2024-04-15,2024,2024Q2,2024-04,Mali,Sahel Core,14.964068,-7.514675,8,25,8,3
2024-04-29,2024,2024Q2,2024-04,Mali,Sahel Core,14.37329,-7.66611,0,4,0,3
2024-04-29,2024,2024Q2,2024-04,Mali,Sahel Core,12.14079,-8.21177,0,7,0,3
2024-04-30,2024,2024Q2,2024-04,Mali,Sahel Core,14.31343,-7.60219,0,9,0,3
2024-05-06,2024,2024Q2,2024-05,Mali,Sahel Core,14.549958,-7.533268,13,13,13,3
2024-05-08,2024,2024Q2,2024-05,Mali,Sahel Core,14.723273,-5.870648,3,3,3,3
2024-05-15,2024,2024Q2,2024-05,Mali,Sahel Core,18.109923,1.66402,9,11,9,3
2024-05-16,2024,2024Q2,2024-05,Mali,Sahel Core,18.441111,1.407778,2,2,2,3
2024-05-17,2024,2024Q2,2024-05,Mali,Sahel Core,16.190782,-0.032205,1,1,0,3
2024-05-19,2024,2024Q2,2024-05,Mali,Sahel Core,17.721454,1.241624,17,30,17,3
2024-05-23,2024,2024Q2,2024-05,Mali,Sahel Core,14.0,-7.75,0,4,0,3
2024-05-25,2024,2024Q2,2024-05,Mali,Sahel Core,16.042484,3.431967,0,8,0,3
2024-05-27,2024,2024Q2,2024-05,Mali,Sahel Core,16.271667,-0.044722,0,4,0,3
2024-06-15,2024,2024Q2,2024-06,Mali,Sahel Core,18.15,1.53333,0,4,0,3
2024-06-15,2024,2024Q2,2024-06,Mali,Sahel Core,20.0,-3.0,0,4,0,3
2024-06-15,2024,2024Q2,2024-06,Mali,Sahel Core,15.1493,0.3916,0,4,0,3
2024-06-15,2024,2024Q2,2024-06,Mali,Sahel Core,16.72237,0.43984,0,8,0,3
2024-06-16,2024,2024Q2,2024-06,Mali,Sahel Core,15.7118,-4.9118,0,2,0,3
2024-06-17,2024,2024Q2,2024-06,Mali,Sahel Core,15.07658,-2.21976,0,5,0,3
2024-06-25,2024,2024Q2,2024-06,Mali,Sahel Core,19.01667,1.85167,6,6,6,3
2024-06-28,2024,2024Q2,2024-06,Mali,Sahel Core,15.5499,-5.4113,0,2,0,3
2024-07-04,2024,2024Q3,2024-07,Mali,Sahel Core,18.441111,1.407778,2,2,2,3
2024-07-09,2024,2024Q3,2024-07,Mali,Sahel Core,18.12,1.44667,4,4,4,3
2024-07-09,2024,2024Q3,2024-07,Mali,Sahel Core,18.12,1.44667,4,4,4,3
2024-07-11,2024,2024Q3,2024-07,Mali,Sahel Core,18.458335,3.105189,5,5,5,3
2024-07-12,2024,2024Q3,2024-07,Mali,Sahel Core,15.9322,-3.9906,2,2,2,3
2024-07-24,2024,2024Q3,2024-07,Mali,Sahel Core,19.923336,2.979656,0,2,0,3
2024-08-09,2024,2024Q3,2024-08,Mali,Sahel Core,15.2807,-5.5549,4,4,4,3
2024-08-10,2024,2024Q3,2024-08,Mali,Sahel Core,15.42698,-5.59888,1,1,1,3
2024-08-15,2024,2024Q3,2024-08,Mali,Sahel Core,15.24971,-8.04201,1,1,0,3
2024-08-15,2024,2024Q3,2024-08,Mali,Sahel Core,15.1517,-5.5746,7,10,7,3
2024-08-21,2024,2024Q3,2024-08,Mali,Sahel Core,15.38,-5.48,4,4,4,3
2024-10-05,2024,2024Q4,2024-10,Mali,Sahel Core,18.95528,2.4775,1,1,0,3
2024-10-08,2024,2024Q4,2024-10,Mali,Sahel Core,16.770456,-3.005588,20,40,0,3
2024-10-29,2024,2024Q4,2024-10,Mali,Sahel Core,18.45173,1.275488,2,2,0,3
2024-10-29,2024,2024Q4,2024-10,Mali,Sahel Core,16.995364,-3.684554,4,4,4,3
2024-10-30,2024,2024Q4,2024-10,Mali,Sahel Core,18.043889,0.603056,3,3,0,3
2024-11-02,2024,2024Q4,2024-11,Mali,Sahel Core,17.705861,0.901262,4,4,0,3
2024-11-03,2024,2024Q4,2024-11,Mali,Sahel Core,16.2037,-0.4769,1,1,0,3
2024-11-10,2024,2024Q4,2024-11,Mali,Sahel Core,16.13013,-3.63994,3,4,0,3
2024-11-10,2024,2024Q4,2024-11,Mali,Sahel Core,20.0,-3.0,3,3,3,3
2024-11-10,2024,2024Q4,2024-11,Mali,Sahel Core,16.32869,-4.95912,4,7,4,3
2024-11-14,2024,2024Q4,2024-11,Mali,Sahel Core,15.04942,-7.58941,0,10,0,3
2024-11-14,2024,2024Q4,2024-11,Mali,Sahel Core,16.102917,2.21964,0,2,0,3
2024-11-16,2024,2024Q4,2024-11,Mali,Sahel Core,14.87864,-7.43978,0,4,0,3
2024-11-26,2024,2024Q4,2024-11,Mali,Sahel Core,17.83876,-2.27051,0,7,0,3
2024-12-02,2024,2024Q4,2024-12,Mali,Sahel Core,20.0,-3.0,7,7,7,3
2024-12-02,2024,2024Q4,2024-12,Mali,Sahel Core,19.116705,2.41688,0,1,0,3
2024-12-02,2024,2024Q4,2024-12,Mali,Sahel Core,16.812084,-2.157628,1,1,1,3
2024-12-02,2024,2024Q4,2024-12,Mali,Sahel Core,14.3739,-8.2081,0,6,0,3
2024-12-03,2024,2024Q4,2024-12,Mali,Sahel Core,16.468163,-4.168634,6,6,6,3
2024-12-09,2024,2024Q4,2024-12,Mali,Sahel Core,18.441111,1.407778,0,1,0,3
2024-12-13,2024,2024Q4,2024-12,Mali,Sahel Core,20.0,-3.0,1,1,0,3
2024-12-14,2024,2024Q4,2024-12,Mali,Sahel Core,20.0,-3.0,2,2,0,3
2024-12-15,2024,2024Q4,2024-12,Mali,Sahel Core,15.9322,-3.9906,2,2,0,3
2024-12-15,2024,2024Q4,2024-12,Mali,Sahel Core,16.3531,-4.5905,0,3,0,3
2024-12-16,2024,2024Q4,2024-12,Mali,Sahel Core,16.592382,-4.459634,1,1,0,3
2024-12-19,2024,2024Q4,2024-12,Mali,Sahel Core,16.6314,-3.32532,1,1,0,3
2024-12-21,2024,2024Q4,2024-12,Mali,Sahel Core,20.0,-3.0,0,1,0,3
2024-12-21,2024,2024Q4,2024-12,Mali,Sahel Core,16.468163,-4.168634,2,2,0,3
2024-12-24,2024,2024Q4,2024-12,Mali,Sahel Core,15.7118,-4.9118,2,6,0,3
2024-12-24,2024,2024Q4,2024-12,Mali,Sahel Core,17.847214,0.323268,0,1,0,3
2020-05-18,2020,2020Q2,2020-05,Niger,Sahel Core,14.4244,13.41499,19,19,0,1
2021-04-12,2021,2021Q2,2021-04,Niger,Sahel Core,13.97649,12.98081,3,3,3,1
2022-07-04,2022,2022Q3,2022-07,Niger,Sahel Core,14.4244,13.41499,23,23,23,1
2022-12-22,2022,2022Q4,2022-12,Niger,Sahel Core,13.737941,12.931068,5,5,0,1
2023-03-11,2023,2023Q1,2023-03,Niger,Sahel Core,13.66667,12.5,30,30,30,1
2023-07-23,2023,2023Q3,2023-07,Niger,Sahel Core,14.2528,13.1108,1,1,0,1
2023-11-08,2023,2023Q4,2023-11,Niger,Sahel Core,13.62649,13.25159,3,3,3,1
2023-11-29,2023,2023Q4,2023-11,Niger,Sahel Core,13.15916,12.35497,7,7,7,1
2024-01-22,2024,2024Q1,2024-01,Niger,Sahel Core,14.2528,13.1108,24,24,24,1
2024-05-01,2024,2024Q2,2024-05,Niger,Sahel Core,14.2528,13.1108,3,3,3,1
2020-02-25,2020,2020Q1,2020-02,Niger,Sahel Core,15.1296,2.5771,5,5,5,3
2020-03-15,2020,2020Q1,2020-03,Niger,Sahel Core,14.643631,2.194531,1,1,1,3
2020-03-15,2020,2020Q1,2020-03,Niger,Sahel Core,13.516667,2.116667,3,3,3,3
2020-03-25,2020,2020Q1,2020-03,Niger,Sahel Core,15.0416,2.7037,13,15,13,3
2020-04-05,2020,2020Q2,2020-04,Niger,Sahel Core,15.0416,2.7037,1,1,1,3
2024-02-24,2024,2024Q1,2024-02,Niger,Sahel Core,11.882174,3.397528,1,1,1,3
2020-02-01,2020,2020Q1,2020-02,Niger,Sahel Core,14.73075,0.91739,1,1,1,3
2020-02-01,2020,2020Q1,2020-02,Niger,Sahel Core,15.2275,1.3135,2,2,2,3
2020-02-03,2020,2020Q1,2020-02,Niger,Sahel Core,13.56311,12.85869,3,3,3,3
2020-02-06,2020,2020Q1,2020-02,Niger,Sahel Core,14.5416,1.2529,5,5,4,3
2020-02-07,2020,2020Q1,2020-02,Niger,Sahel Core,13.61144,13.24134,6,6,5,3
2020-03-09,2020,2020Q1,2020-03,Niger,Sahel Core,14.3188,2.0866,1,1,1,3
2020-04-27,2020,2020Q2,2020-04,Niger,Sahel Core,15.1439,2.7028,4,4,4,3
2020-04-28,2020,2020Q2,2020-04,Niger,Sahel Core,13.5296,13.00737,10,10,10,3
2020-05-08,2020,2020Q2,2020-05,Niger,Sahel Core,14.55104,1.32759,3,3,3,3
2020-05-08,2020,2020Q2,2020-05,Niger,Sahel Core,14.54457,1.30569,6,6,6,3
2020-05-09,2020,2020Q2,2020-05,Niger,Sahel Core,14.55395,1.33578,9,9,9,3
2020-05-10,2020,2020Q2,2020-05,Niger,Sahel Core,13.61144,13.24134,20,20,20,3
2020-05-31,2020,2020Q2,2020-05,Niger,Sahel Core,15.6207,4.7832,2,2,2,3
2020-07-01,2020,2020Q3,2020-07,Niger,Sahel Core,13.390458,12.758915,5,5,5,3
2020-07-03,2020,2020Q3,2020-07,Niger,Sahel Core,14.549358,3.410647,3,3,3,3
2020-07-31,2020,2020Q3,2020-07,Niger,Sahel Core,14.73075,0.91739,2,2,2,3
2020-08-09,2020,2020Q3,2020-08,Niger,Sahel Core,13.325279,2.591663,8,8,8,3
2020-12-03,2020,2020Q4,2020-12,Niger,Sahel Core,13.697417,4.082152,1,1,1,3
2020-12-11,2020,2020Q4,2020-12,Niger,Sahel Core,13.18215,12.42228,1,1,1,3
2020-12-11,2020,2020Q4,2020-12,Niger,Sahel Core,13.737941,12.931068,1,1,1,3
2020-12-14,2020,2020Q4,2020-12,Niger,Sahel Core,14.71,2.72,6,6,6,3
2021-01-02,2021,2021Q1,2021-01,Niger,Sahel Core,14.905944,1.776569,33,33,33,3
2021-01-02,2021,2021Q1,2021-01,Niger,Sahel Core,14.82977,1.81228,69,72,69,3
2021-01-25,2021,2021Q1,2021-01,Niger,Sahel Core,13.17562,12.227941,1,1,1,3
2021-03-01,2021,2021Q1,2021-03,Niger,Sahel Core,13.629998,12.897483,4,4,4,3
2021-03-09,2021,2021Q1,2021-03,Niger,Sahel Core,15.037245,2.628632,8,8,8,3
2021-03-10,2021,2021Q1,2021-03,Niger,Sahel Core,14.772632,2.221649,6,6,6,3
2021-03-15,2021,2021Q1,2021-03,Niger,Sahel Core,15.130845,2.996078,37,37,37,3
2021-03-15,2021,2021Q1,2021-03,Niger,Sahel Core,15.2276,3.0014,29,29,29,3
2021-03-20,2021,2021Q1,2021-03,Niger,Sahel Core,13.086272,12.413747,3,3,3,3
2021-03-24,2021,2021Q1,2021-03,Niger,Sahel Core,14.55395,1.33578,6,6,6,3
2021-03-24,2021,2021Q1,2021-03,Niger,Sahel Core,14.55104,1.32759,1,3,1,3
2021-03-24,2021,2021Q1,2021-03,Niger,Sahel Core,14.54457,1.30569,6,8,6,3
2021-04-17,2021,2021Q2,2021-04,Niger,Sahel Core,14.58284,1.12068,19,19,19,3
2021-05-01,2021,2021Q2,2021-05,Niger,Sahel Core,15.771,4.0589,2,2,2,3
2021-05-07,2021,2021Q2,2021-05,Niger,Sahel Core,14.57536,0.25992,0,1,0,3
2021-05-12,2021,2021Q2,2021-05,Niger,Sahel Core,14.53273,0.23165,5,5,0,3
2021-06-01,2021,2021Q2,2021-06,Niger,Sahel Core,14.33333,2.08333,3,2,3,3
2021-06-07,2021,2021Q2,2021-06,Niger,Sahel Core,14.93611,1.80455,2,2,0,3
2021-06-13,2021,2021Q2,2021-06,Niger,Sahel Core,14.61194,0.27645,2,2,2,3
2021-06-22,2021,2021Q2,2021-06,Niger,Sahel Core,14.53273,0.23165,2,2,2,3
2021-06-24,2021,2021Q2,2021-06,Niger,Sahel Core,14.88949,2.68629,19,19,19,3
2021-07-25,2021,2021Q3,2021-07,Niger,Sahel Core,15.020188,2.775698,14,14,14,3
2021-07-28,2021,2021Q3,2021-07,Niger,Sahel Core,15.106979,2.5248,19,19,19,3
2021-08-09,2021,2021Q3,2021-08,Niger,Sahel Core,14.643631,2.194531,15,15,0,3
2021-08-16,2021,2021Q3,2021-08,Niger,Sahel Core,15.130845,2.996078,37,37,37,3
2021-08-20,2021,2021Q3,2021-08,Niger,Sahel Core,14.728395,1.286078,19,19,10,3
2021-09-09,2021,2021Q3,2021-09,Niger,Sahel Core,14.687694,1.893497,11,11,11,3
2021-10-03,2021,2021Q4,2021-10,Niger,Sahel Core,14.186,0.853,6,6,6,3
2021-10-05,2021,2021Q4,2021-10,Niger,Sahel Core,14.5,1.333333,2,2,2,3
2021-10-11,2021,2021Q4,2021-10,Niger,Sahel Core,14.643631,2.194531,10,10,10,3
2022-03-16,2022,2022Q1,2022-03,Niger,Sahel Core,14.00814,0.415575,21,21,21,3
2022-04-22,2022,2022Q2,2022-04,Niger,Sahel Core,13.18215,12.42228,0,7,0,3
2022-04-23,2022,2022Q2,2022-04,Niger,Sahel Core,13.18215,12.42228,0,4,0,3
2022-08-31,2022,2022Q3,2022-08,Niger,Sahel Core,14.351433,3.324389,0,1,0,3
2022-09-20,2022,2022Q3,2022-09,Niger,Sahel Core,13.66793,13.12767,11,11,11,3
2022-10-22,2022,2022Q4,2022-10,Niger,Sahel Core,15.0416,2.7037,11,12,11,3
2022-12-02,2022,2022Q4,2022-12,Niger,Sahel Core,14.567776,1.917978,4,4,4,3
2023-01-05,2023,2023Q1,2023-01,Niger,Sahel Core,13.18215,12.42228,1,1,1,3
2023-01-10,2023,2023Q1,2023-01,Niger,Sahel Core,14.00776,0.75306,2,2,2,3
2023-01-12,2023,2023Q1,2023-01,Niger,Sahel Core,14.55104,1.32759,2,2,2,3
2023-02-01,2023,2023Q1,2023-02,Niger,Sahel Core,16.524543,4.640343,9,9,9,3
2023-02-01,2023,2023Q1,2023-02,Niger,Sahel Core,16.137759,4.792575,18,18,18,3
2023-03-01,2023,2023Q1,2023-03,Niger,Sahel Core,14.73075,0.91739,1,1,1,3
2023-06-12,2023,2023Q2,2023-06,Niger,Sahel Core,13.27379,12.57441,3,3,3,3
2023-08-04,2023,2023Q3,2023-08,Niger,Sahel Core,14.625446,0.82905,12,12,12,3
2023-08-15,2023,2023Q3,2023-08,Niger,Sahel Core,14.279033,1.398691,2,1,1,3
2023-08-15,2023,2023Q3,2023-08,Niger,Sahel Core,14.51684,1.228541,1,2,1,3
2023-08-28,2023,2023Q3,2023-08,Niger,Sahel Core,14.73075,0.91739,6,6,6,3
2023-09-01,2023,2023Q3,2023-09,Niger,Sahel Core,14.55104,1.32759,3,3,3,3
2023-09-01,2023,2023Q3,2023-09,Niger,Sahel Core,14.43273,1.27493,1,1,1,3
2023-09-01,2023,2023Q3,2023-09,Niger,Sahel Core,14.485625,1.303147,2,2,2,3
2023-09-13,2023,2023Q3,2023-09,Niger,Sahel Core,14.916433,3.177016,1,1,1,3
2023-10-01,2023,2023Q4,2023-10,Niger,Sahel Core,13.18215,12.42228,2,2,2,3
2023-10-07,2023,2023Q4,2023-10,Niger,Sahel Core,14.52684,1.27915,3,3,3,3
2023-10-10,2023,2023Q4,2023-10,Niger,Sahel Core,14.505489,0.877335,11,11,11,3
2023-10-12,2023,2023Q4,2023-10,Niger,Sahel Core,14.738734,3.375733,0,3,0,3
2023-11-23,2023,2023Q4,2023-11,Niger,Sahel Core,13.20519,12.41932,1,1,1,3
2023-12-29,2023,2023Q4,2023-12,Niger,Sahel Core,14.43526,0.994457,5,6,5,3
2023-12-29,2023,2023Q4,2023-12,Niger,Sahel Core,14.4471,0.954933,6,5,6,3
2024-01-28,2024,2024Q1,2024-01,Niger,Sahel Core,14.460284,2.030596,15,15,15,3
2024-03-03,2024,2024Q1,2024-03,Niger,Sahel Core,12.980668,1.342155,7,7,7,3
2024-04-05,2024,2024Q2,2024-04,Niger,Sahel Core,13.20519,12.41932,1,1,1,3
2024-04-15,2024,2024Q2,2024-04,Niger,Sahel Core,14.207228,0.785642,16,16,16,3
2024-05-14,2024,2024Q2,2024-05,Niger,Sahel Core,14.288235,0.812141,6,6,6,3
2024-05-20,2024,2024Q2,2024-05,Niger,Sahel Core,14.315247,1.300801,22,22,22,3
2024-05-26,2024,2024Q2,2024-05,Niger,Sahel Core,14.186,0.853,11,11,11,3
2024-05-28,2024,2024Q2,2024-05,Niger,Sahel Core,13.18215,12.42228,4,4,4,3
2024-06-09,2024,2024Q2,2024-06,Niger,Sahel Core,14.278006,0.82403,14,14,14,3
2024-06-09,2024,2024Q2,2024-06,Niger,Sahel Core,14.288235,0.812141,10,10,10,3
2024-07-05,2024,2024Q3,2024-07,Niger,Sahel Core,16.137759,4.792575,4,4,4,3
2024-07-15,2024,2024Q3,2024-07,Niger,Sahel Core,14.278006,0.82403,7,7,7,3
2024-08-13,2024,2024Q3,2024-08,Niger,Sahel Core,14.393719,1.132819,14,14,0,3
2024-08-13,2024,2024Q3,2024-08,Niger,Sahel Core,14.73075,0.91739,9,9,0,3
2024-09-15,2024,2024Q3,2024-09,Niger,Sahel Core,13.66793,13.12767,2,2,2,3
2024-11-19,2024,2024Q4,2024-11,Niger,Sahel Core,14.626641,0.970824,3,3,3,3
2024-12-05,2024,2024Q4,2024-12,Niger,Sahel Core,14.1218,0.724981,21,21,21,3
2024-12-12,2024,2024Q4,2024-12,Niger,Sahel Core,14.199629,0.930369,18,20,18,3
2020-12-12,2020,2020Q4,2020-12,Niger,Sahel Core,13.66793,13.12767,34,34,34,3
2021-01-14,2021,2021Q1,2021-01,Niger,Sahel Core,14.370732,13.246409,1,1,1,3
2021-02-28,2021,2021Q1,2021-02,Niger,Sahel Core,14.2528,13.1108,0,1,0,3
2022-03-07,2022,2022Q1,2022-03,Niger,Sahel Core,13.302151,12.645961,10,10,10,3
2022-03-07,2022,2022Q1,2022-03,Niger,Sahel Core,13.31536,12.61135,10,10,10,3
2022-08-12,2022,2022Q3,2022-08,Niger,Sahel Core,16.0,13.5,2,2,2,3
2022-09-03,2022,2022Q3,2022-09,Niger,Sahel Core,13.69869,13.30951,3,3,3,3
2022-11-02,2022,2022Q4,2022-11,Niger,Sahel Core,14.2528,13.1108,4,4,0,3
2023-03-11,2023,2023Q1,2023-03,Niger,Sahel Core,13.66793,13.12767,9,9,0,3
2024-12-08,2024,2024Q4,2024-12,Niger,Sahel Core,13.69869,13.30951,14,14,14,3
2022-08-15,2022,2022Q3,2022-08,Niger,Sahel Core,14.93911,1.17264,4,4,4,2
2022-08-15,2022,2022Q3,2022-08,Niger,Sahel Core,14.33333,2.08333,24,24,24,2
2023-08-15,2023,2023Q3,2023-08,Niger,Sahel Core,14.93911,1.17264,4,4,4,2
2020-01-09,2020,2020Q1,2020-01,Niger,Sahel Core,15.2276,3.0014,166,166,166,1
2020-02-09,2020,2020Q1,2020-02,Niger,Sahel Core,13.483792,12.843994,2,2,2,1
2020-02-10,2020,2020Q1,2020-02,Niger,Sahel Core,14.73075,0.91739,2,2,2,1
2020-02-16,2020,2020Q1,2020-02,Niger,Sahel Core,14.73075,0.91739,1,1,1,1
2020-02-25,2020,2020Q1,2020-02,Niger,Sahel Core,13.69869,13.30951,3,3,3,1
2020-03-07,2020,2020Q1,2020-03,Niger,Sahel Core,13.123306,12.455573,8,8,8,1
2020-03-12,2020,2020Q1,2020-03,Niger,Sahel Core,14.73075,0.91739,33,33,33,1
2020-03-14,2020,2020Q1,2020-03,Niger,Sahel Core,13.66793,13.12767,48,48,48,1
2020-03-17,2020,2020Q1,2020-03,Niger,Sahel Core,13.69869,13.30951,4,4,4,1
2020-04-02,2020,2020Q2,2020-04,Niger,Sahel Core,15.1805,3.6974,67,67,67,1
2020-04-05,2020,2020Q2,2020-04,Niger,Sahel Core,15.0416,2.7037,4,16,4,1
2020-05-03,2020,2020Q2,2020-05,Niger,Sahel Core,13.279,12.621,2,5,2,1
2020-05-11,2020,2020Q2,2020-05,Niger,Sahel Core,13.66667,12.5,25,25,25,1
2020-07-25,2020,2020Q3,2020-07,Niger,Sahel Core,13.31536,12.61135,1,3,1,1
2020-11-06,2020,2020Q4,2020-11,Niger,Sahel Core,14.22579,1.38601,1,1,0,1
2020-12-01,2020,2020Q4,2020-12,Niger,Sahel Core,14.549358,3.410647,1,1,0,1
2020-12-20,2020,2020Q4,2020-12,Niger,Sahel Core,14.33333,2.08333,0,8,0,1
2020-12-21,2020,2020Q4,2020-12,Niger,Sahel Core,14.760547,2.321402,18,18,18,1
2020-12-31,2020,2020Q4,2020-12,Niger,Sahel Core,13.20519,12.41932,0,1,0,1
2021-01-17,2021,2021Q1,2021-01,Niger,Sahel Core,13.123306,12.455573,4,4,4,1
2021-01-19,2021,2021Q1,2021-01,Niger,Sahel Core,13.31536,12.611345,26,26,26,1
2021-01-29,2021,2021Q1,2021-01,Niger,Sahel Core,13.18215,12.42228,1,1,1,1
2021-02-21,2021,2021Q1,2021-02,Niger,Sahel Core,13.41358,12.770639,1,1,1,1
2021-02-21,2021,2021Q1,2021-02,Niger,Sahel Core,13.921495,1.241942,0,7,0,1
2021-02-24,2021,2021Q1,2021-02,Niger,Sahel Core,13.66667,12.5,0,7,0,1
2021-03-02,2021,2021Q1,2021-03,Niger,Sahel Core,13.21442,12.02765,2,2,2,1
2021-03-22,2021,2021Q1,2021-03,Niger,Sahel Core,13.69869,13.30951,0,1,0,1
2021-03-26,2021,2021Q1,2021-03,Niger,Sahel Core,13.134635,12.300621,3,3,3,1
2021-04-01,2021,2021Q2,2021-04,Niger,Sahel Core,13.21442,12.02765,0,1,0,1
2021-04-03,2021,2021Q2,2021-04,Niger,Sahel Core,13.56311,12.85869,4,11,4,1
2021-04-15,2021,2021Q2,2021-04,Niger,Sahel Core,13.21442,12.02765,1,16,1,1
2021-04-18,2021,2021Q2,2021-04,Niger,Sahel Core,13.69869,13.30951,0,1,0,1
2021-04-29,2021,2021Q2,2021-04,Niger,Sahel Core,13.21442,12.02765,0,1,0,1
2021-05-01,2021,2021Q2,2021-05,Niger,Sahel Core,16.84,5.1,16,16,16,1
2021-05-04,2021,2021Q2,2021-05,Niger,Sahel Core,15.175914,2.599726,22,27,21,1
2021-05-17,2021,2021Q2,2021-05,Niger,Sahel Core,13.69869,13.30951,3,36,2,1
2021-05-28,2021,2021Q2,2021-05,Niger,Sahel Core,13.31536,12.61135,14,14,14,1
2021-06-11,2021,2021Q2,2021-06,Niger,Sahel Core,13.516667,2.116667,1,1,1,1
2021-06-22,2021,2021Q2,2021-06,Niger,Sahel Core,13.69869,13.30951,3,3,3,1
2021-07-11,2021,2021Q3,2021-07,Niger,Sahel Core,14.82977,1.81228,49,49,49,1
2021-08-24,2021,2021Q3,2021-08,Niger,Sahel Core,13.88238,13.17333,59,59,50,1
2021-10-17,2021,2021Q4,2021-10,Niger,Sahel Core,14.00814,0.415575,3,3,3,1
2021-10-20,2021,2021Q4,2021-10,Niger,Sahel Core,14.582867,0.724069,11,11,11,1
2021-12-05,2021,2021Q4,2021-12,Niger,Sahel Core,14.53273,0.23165,108,108,36,1
2021-12-12,2021,2021Q4,2021-12,Niger,Sahel Core,15.2275,1.3135,1,1,1,1
2021-12-20,2021,2021Q4,2021-12,Niger,Sahel Core,14.5,1.333333,1,1,1,1
2022-01-29,2022,2022Q1,2022-01,Niger,Sahel Core,13.123306,12.455573,10,10,10,1
2022-02-16,2022,2022Q1,2022-02,Niger,Sahel Core,13.41175,1.228503,5,5,5,1
2022-02-20,2022,2022Q1,2022-02,Niger,Sahel Core,14.33333,2.08333,18,18,18,1
2022-03-24,2022,2022Q1,2022-03,Niger,Sahel Core,14.755778,0.639569,6,7,6,1
2022-04-12,2022,2022Q2,2022-04,Niger,Sahel Core,14.00814,0.415575,7,7,7,1
2022-04-19,2022,2022Q2,2022-04,Niger,Sahel Core,13.31536,12.611345,6,6,6,1
2022-05-07,2022,2022Q2,2022-05,Niger,Sahel Core,16.0,13.5,10,10,10,1
2022-05-12,2022,2022Q2,2022-05,Niger,Sahel Core,14.5,1.333333,2,2,2,1
2022-06-07,2022,2022Q2,2022-06,Niger,Sahel Core,13.66667,12.5,1,1,1,1
2022-06-11,2022,2022Q2,2022-06,Niger,Sahel Core,14.983982,2.352517,2,2,2,1
2022-06-11,2022,2022Q2,2022-06,Niger,Sahel Core,13.31536,12.611345,0,4,0,1
2022-06-14,2022,2022Q2,2022-06,Niger,Sahel Core,13.75,11.5,1,1,1,1
2022-07-03,2022,2022Q3,2022-07,Niger,Sahel Core,13.41358,12.770639,12,31,12,1
2022-07-09,2022,2022Q3,2022-07,Niger,Sahel Core,13.66667,12.5,1,2,1,1
2022-09-09,2022,2022Q3,2022-09,Niger,Sahel Core,13.629998,12.897483,2,2,0,1
2022-09-14,2022,2022Q3,2022-09,Niger,Sahel Core,14.186,0.853,8,8,8,1
2022-10-16,2022,2022Q4,2022-10,Niger,Sahel Core,13.66667,12.5,2,2,2,1
2022-10-24,2022,2022Q4,2022-10,Niger,Sahel Core,12.7555,2.17687,2,3,0,1
2022-10-24,2022,2022Q4,2022-10,Niger,Sahel Core,12.7555,2.17687,7,7,0,1
2022-11-08,2022,2022Q4,2022-11,Niger,Sahel Core,13.6916,12.92515,6,6,0,1
2022-12-05,2022,2022Q4,2022-12,Niger,Sahel Core,13.31536,12.61135,1,1,1,1
2022-12-10,2022,2022Q4,2022-12,Niger,Sahel Core,15.38778,3.57222,15,20,15,1
2023-01-08,2023,2023Q1,2023-01,Niger,Sahel Core,14.675014,2.271817,6,6,6,1
2023-01-18,2023,2023Q1,2023-01,Niger,Sahel Core,13.745359,1.008509,11,11,11,1
2023-01-21,2023,2023Q1,2023-01,Niger,Sahel Core,14.831527,3.916808,3,3,3,1
2023-01-25,2023,2023Q1,2023-01,Niger,Sahel Core,13.164116,12.255444,1,1,1,1
2023-02-10,2023,2023Q1,2023-02,Niger,Sahel Core,15.0416,2.7037,20,20,19,1
2023-03-13,2023,2023Q1,2023-03,Niger,Sahel Core,16.0,13.5,20,20,20,1
2023-04-08,2023,2023Q2,2023-04,Niger,Sahel Core,13.31536,12.61135,2,2,2,1
2023-04-13,2023,2023Q2,2023-04,Niger,Sahel Core,13.384215,12.713158,3,3,3,1
2023-04-27,2023,2023Q2,2023-04,Niger,Sahel Core,13.66667,12.5,1,1,1,1
2023-05-07,2023,2023Q2,2023-05,Niger,Sahel Core,13.41175,1.228503,7,7,7,1
2023-05-31,2023,2023Q2,2023-05,Niger,Sahel Core,13.112266,12.32826,0,16,0,1
2023-06-16,2023,2023Q2,2023-06,Niger,Sahel Core,13.123306,12.455573,7,7,7,1
2023-06-22,2023,2023Q2,2023-06,Niger,Sahel Core,14.623035,0.264954,1,1,0,1
2023-06-22,2023,2023Q2,2023-06,Niger,Sahel Core,14.696119,0.296683,1,1,0,1
2023-06-24,2023,2023Q2,2023-06,Niger,Sahel Core,15.0651,2.0548,2,2,0,1
2023-06-25,2023,2023Q2,2023-06,Niger,Sahel Core,14.57536,0.25992,0,1,0,1
2023-07-07,2023,2023Q3,2023-07,Niger,Sahel Core,14.61194,0.27645,0,1,0,1
2023-07-07,2023,2023Q3,2023-07,Niger,Sahel Core,14.93911,1.17264,1,1,1,1
2023-07-24,2023,2023Q3,2023-07,Niger,Sahel Core,14.2528,13.1108,1,1,1,1
2023-07-31,2023,2023Q3,2023-07,Niger,Sahel Core,13.80094,13.471335,0,3,0,1
2023-08-13,2023,2023Q3,2023-08,Niger,Sahel Core,14.831527,3.916808,6,7,6,1
2023-08-20,2023,2023Q3,2023-08,Niger,Sahel Core,15.0416,2.7037,0,1,0,1
2023-08-22,2023,2023Q3,2023-08,Niger,Sahel Core,15.0416,2.7037,0,1,0,1
2023-08-22,2023,2023Q3,2023-08,Niger,Sahel Core,14.33333,2.08333,0,1,0,1
2023-09-04,2023,2023Q3,2023-09,Niger,Sahel Core,13.230392,12.553841,3,3,0,1
2023-09-28,2023,2023Q3,2023-09,Niger,Sahel Core,14.626641,0.970824,23,23,23,1
2023-09-30,2023,2023Q3,2023-09,Niger,Sahel Core,14.930532,3.432373,0,36,0,1
2023-10-02,2023,2023Q4,2023-10,Niger,Sahel Core,15.137408,4.777261,53,84,53,1
2023-10-15,2023,2023Q4,2023-10,Niger,Sahel Core,14.186,0.853,9,18,8,1
2023-11-15,2023,2023Q4,2023-11,Niger,Sahel Core,15.282036,2.659525,0,120,0,1
2023-11-15,2023,2023Q4,2023-11,Niger,Sahel Core,14.930532,3.432373,0,39,0,1
2023-11-15,2023,2023Q4,2023-11,Niger,Sahel Core,14.831527,3.916808,0,39,0,1
2023-11-15,2023,2023Q4,2023-11,Niger,Sahel Core,15.0416,2.7037,0,40,0,1
2023-11-17,2023,2023Q4,2023-11,Niger,Sahel Core,13.627013,13.251859,42,42,0,1
2023-11-27,2023,2023Q4,2023-11,Niger,Sahel Core,13.66667,12.5,0,1,0,1
2023-11-27,2023,2023Q4,2023-11,Niger,Sahel Core,15.0416,2.7037,1,1,1,1
2023-11-27,2023,2023Q4,2023-11,Niger,Sahel Core,14.930532,3.432373,1,1,1,1
2023-11-29,2023,2023Q4,2023-11,Niger,Sahel Core,14.2528,13.1108,1,1,1,1
2023-12-01,2023,2023Q4,2023-12,Niger,Sahel Core,13.18215,12.42228,0,1,0,1
2023-12-22,2023,2023Q4,2023-12,Niger,Sahel Core,13.18215,12.42228,0,3,0,1
2024-01-28,2024,2024Q1,2024-01,Niger,Sahel Core,14.460284,2.030596,9,9,9,1
2024-02-19,2024,2024Q1,2024-02,Niger,Sahel Core,13.313616,12.708416,7,7,7,1
2024-02-19,2024,2024Q1,2024-02,Niger,Sahel Core,14.008796,0.843065,6,6,6,1
2024-02-28,2024,2024Q1,2024-02,Niger,Sahel Core,13.295936,12.637196,1,1,1,1
2024-03-13,2024,2024Q1,2024-03,Niger,Sahel Core,13.313616,12.708416,10,10,10,1
2024-03-20,2024,2024Q1,2024-03,Niger,Sahel Core,14.654481,0.532971,53,53,53,1
2024-03-29,2024,2024Q1,2024-03,Niger,Sahel Core,14.01023,3.211802,3,3,3,1
2024-04-08,2024,2024Q2,2024-04,Niger,Sahel Core,14.950165,1.499644,6,6,6,1
2024-04-08,2024,2024Q2,2024-04,Niger,Sahel Core,14.5,1.333333,10,10,10,1
2024-05-04,2024,2024Q2,2024-05,Niger,Sahel Core,13.302151,12.645961,0,20,0,1
2024-05-22,2024,2024Q2,2024-05,Niger,Sahel Core,13.758739,3.021487,6,6,5,1
2024-05-29,2024,2024Q2,2024-05,Niger,Sahel Core,13.174592,12.359777,2,2,2,1
2024-06-11,2024,2024Q2,2024-06,Niger,Sahel Core,13.36512,12.44516,6,6,6,1
2024-06-21,2024,2024Q2,2024-06,Niger,Sahel Core,14.186,0.853,1,1,1,1
2024-07-10,2024,2024Q3,2024-07,Niger,Sahel Core,14.996869,4.647876,8,8,8,1
2024-07-11,2024,2024Q3,2024-07,Niger,Sahel Core,14.801537,4.93315,6,6,6,1
2024-07-11,2024,2024Q3,2024-07,Niger,Sahel Core,15.137408,4.777261,11,11,11,1
2024-07-20,2024,2024Q3,2024-07,Niger,Sahel Core,15.38778,3.57222,34,34,34,1
2024-07-21,2024,2024Q3,2024-07,Niger,Sahel Core,15.711342,3.915567,0,237,0,1
2024-07-22,2024,2024Q3,2024-07,Niger,Sahel Core,14.199629,0.930369,46,46,46,1
2024-08-15,2024,2024Q3,2024-08,Niger,Sahel Core,13.21442,12.02765,9,9,9,1
2024-09-01,2024,2024Q3,2024-09,Niger,Sahel Core,14.307559,0.753214,18,18,18,1
2024-09-03,2024,2024Q3,2024-09,Niger,Sahel Core,14.6391,3.27,15,15,15,1
2024-09-15,2024,2024Q3,2024-09,Niger,Sahel Core,13.88238,13.17333,5,5,5,1
2024-09-18,2024,2024Q3,2024-09,Niger,Sahel Core,15.719253,4.501541,24,53,24,1
2024-09-28,2024,2024Q3,2024-09,Niger,Sahel Core,13.88238,13.17333,6,7,6,1
2024-10-01,2024,2024Q4,2024-10,Niger,Sahel Core,13.18215,12.42228,2,6,2,1
2024-10-14,2024,2024Q4,2024-10,Niger,Sahel Core,16.524246,4.63953,1,1,1,1
2024-12-05,2024,2024Q4,2024-12,Niger,Sahel Core,14.00776,0.75306,57,57,57,1
2024-12-10,2024,2024Q4,2024-12,Niger,Sahel Core,13.969904,0.548244,119,174,36,1
2024-12-17,2024,2024Q4,2024-12,Niger,Sahel Core,13.129631,12.139563,4,4,0,1
2021-01-13,2021,2021Q1,2021-01,Niger,Sahel Core,13.551199,12.993379,3,3,2,2
2021-02-13,2021,2021Q1,2021-02,Niger,Sahel Core,13.85349,13.38081,30,40,30,2
2024-04-11,2024,2024Q2,2024-04,Niger,Sahel Core,14.091666,13.459033,40,40,40,2
2022-05-04,2022,2022Q2,2022-05,Niger,Sahel Core,13.2668,1.02841,1,1,1,3
2022-05-13,2022,2022Q2,2022-05,Niger,Sahel Core,13.29354,1.21412,5,5,5,3
2022-08-01,2022,2022Q3,2022-08,Niger,Sahel Core,13.8545,1.566693,3,3,3,3
2023-07-04,2023,2023Q3,2023-07,Niger,Sahel Core,13.0688,1.96592,3,3,3,3
2023-10-07,2023,2023Q4,2023-10,Niger,Sahel Core,14.57536,0.25992,7,7,7,3
2023-11-10,2023,2023Q4,2023-11,Niger,Sahel Core,13.18647,1.12061,6,6,6,3
2023-12-03,2023,2023Q4,2023-12,Niger,Sahel Core,13.8611,1.065916,2,2,2,3
2024-02-04,2024,2024Q1,2024-02,Niger,Sahel Core,14.393719,1.132819,0,9,0,3
2024-12-11,2024,2024Q4,2024-12,Niger,Sahel Core,13.4264,1.243,21,21,21,3
2020-03-22,2020,2020Q1,2020-03,Niger,Sahel Core,12.7555,2.17687,0,1,0,1
2020-05-03,2020,2020Q2,2020-05,Niger,Sahel Core,13.11915,1.79869,0,1,0,1
2020-09-07,2020,2020Q3,2020-09,Niger,Sahel Core,13.11915,1.79869,0,1,0,1
2020-12-04,2020,2020Q4,2020-12,Niger,Sahel Core,12.474797,2.424877,2,2,0,1
2021-09-22,2021,2021Q3,2021-09,Niger,Sahel Core,12.7555,2.17687,1,1,0,1
2021-12-23,2021,2021Q4,2021-12,Niger,Sahel Core,12.83342,1.68614,6,7,0,1
2022-06-07,2022,2022Q2,2022-06,Niger,Sahel Core,13.433993,1.986251,1,1,1,1
2022-06-14,2022,2022Q2,2022-06,Niger,Sahel Core,13.667661,1.151016,44,58,44,1
2022-07-07,2022,2022Q3,2022-07,Niger,Sahel Core,13.11915,1.79869,5,5,5,1
2022-08-04,2022,2022Q3,2022-08,Niger,Sahel Core,13.41175,1.228503,8,8,8,1
2022-08-11,2022,2022Q3,2022-08,Niger,Sahel Core,13.433993,1.986251,2,2,2,1
2022-10-23,2022,2022Q4,2022-10,Niger,Sahel Core,13.686335,1.712135,2,5,0,1
2022-12-05,2022,2022Q4,2022-12,Niger,Sahel Core,13.102462,2.362637,3,3,3,1
2023-03-04,2023,2023Q1,2023-03,Niger,Sahel Core,12.83342,1.68614,1,1,1,1
2023-06-02,2023,2023Q2,2023-06,Niger,Sahel Core,14.186,0.853,5,5,5,1
2023-07-14,2023,2023Q3,2023-07,Niger,Sahel Core,12.93599,1.80353,7,7,7,1
2023-08-09,2023,2023Q3,2023-08,Niger,Sahel Core,13.899652,1.03966,6,6,6,1
2023-08-15,2023,2023Q3,2023-08,Niger,Sahel Core,12.857639,1.326204,18,26,18,1
2023-09-04,2023,2023Q3,2023-09,Niger,Sahel Core,13.096145,2.009777,10,10,10,1
2023-10-23,2023,2023Q4,2023-10,Niger,Sahel Core,14.33333,2.08333,1,1,1,1
2024-01-05,2024,2024Q1,2024-01,Niger,Sahel Core,13.502569,1.286878,50,50,50,1
2024-01-11,2024,2024Q1,2024-01,Niger,Sahel Core,13.11915,1.79869,34,35,34,1
2024-01-11,2024,2024Q1,2024-01,Niger,Sahel Core,13.189013,1.844179,7,7,7,1
2024-01-31,2024,2024Q1,2024-01,Niger,Sahel Core,12.933685,1.949922,19,20,19,1
2024-02-03,2024,2024Q1,2024-02,Niger,Sahel Core,13.2668,1.02841,0,50,0,1
2024-02-04,2024,2024Q1,2024-02,Niger,Sahel Core,14.43526,0.994457,12,12,12,1
2024-02-04,2024,2024Q1,2024-02,Niger,Sahel Core,14.186,0.853,12,12,12,1
2024-04-15,2024,2024Q2,2024-04,Niger,Sahel Core,13.426947,1.203192,5,5,5,1
2024-05-20,2024,2024Q2,2024-05,Niger,Sahel Core,12.83342,1.68614,79,79,79,1
2024-06-20,2024,2024Q2,2024-06,Niger,Sahel Core,13.825,1.239916,9,9,9,1
2024-06-25,2024,2024Q2,2024-06,Niger,Sahel Core,13.9988,0.570335,72,72,72,1
2024-06-26,2024,2024Q2,2024-06,Niger,Sahel Core,12.932582,1.826867,30,30,30,1
2024-06-30,2024,2024Q2,2024-06,Niger,Sahel Core,14.186,0.853,0,1,0,1
2024-07-01,2024,2024Q3,2024-07,Niger,Sahel Core,13.2668,1.02841,20,20,20,1
2024-07-08,2024,2024Q3,2024-07,Niger,Sahel Core,12.9513,2.2656,14,14,14,1
2024-07-18,2024,2024Q3,2024-07,Niger,Sahel Core,13.604175,1.568265,3,3,3,1
2024-08-26,2024,2024Q3,2024-08,Niger,Sahel Core,13.432605,1.142739,24,24,24,1
2024-09-15,2024,2024Q3,2024-09,Niger,Sahel Core,12.93599,1.80353,27,41,5,1
2024-09-21,2024,2024Q3,2024-09,Niger,Sahel Core,12.843694,3.599467,6,6,6,1
2024-10-19,2024,2024Q4,2024-10,Niger,Sahel Core,19.36667,5.8,7,7,0,1
2024-10-26,2024,2024Q4,2024-10,Niger,Sahel Core,13.516667,2.116667,0,1,0,1
2024-11-03,2024,2024Q4,2024-11,Niger,Sahel Core,13.11915,1.79869,1,1,1,1
2024-12-06,2024,2024Q4,2024-12,Niger,Sahel Core,14.33333,2.08333,2,2,2,1
2024-12-15,2024,2024Q4,2024-12,Niger,Sahel Core,13.742303,1.322284,1,1,1,1
2024-12-20,2024,2024Q4,2024-12,Niger,Sahel Core,14.33333,2.08333,6,6,0,1
2021-11-02,2021,2021Q4,2021-11,Niger,Sahel Core,15.076168,2.340407,69,69,69,2
2022-07-14,2022,2022Q3,2022-07,Togo,Littoral,10.93655,0.57772,10,10,10,3
2022-07-14,2022,2022Q3,2022-07,Togo,Littoral,10.97556,0.82374,10,10,10,3
2022-07-14,2022,2022Q3,2022-07,Togo,Littoral,10.93971,0.88639,3,3,3,3
2022-07-14,2022,2022Q3,2022-07,Togo,Littoral,10.97198,0.39737,5,5,5,3
2023-01-27,2023,2023Q1,2023-01,Togo,Littoral,10.87861,0.73111,1,1,1,3
2023-01-28,2023,2023Q1,2023-01,Togo,Littoral,10.87861,0.73111,3,3,3,3
2023-02-09,2023,2023Q1,2023-02,Togo,Littoral,10.91069,0.88361,16,16,16,3
2023-02-09,2023,2023Q1,2023-02,Togo,Littoral,10.88266,0.89396,15,15,15,3
2023-02-16,2023,2023Q1,2023-02,Togo,Littoral,10.851575,0.817636,4,4,4,3
2023-03-13,2023,2023Q1,2023-03,Togo,Littoral,10.976775,0.660403,1,1,1,3
2023-04-20,2023,2023Q2,2023-04,Togo,Littoral,10.910093,0.311135,6,6,6,3
2023-05-12,2023,2023Q2,2023-05,Togo,Littoral,10.76667,0.6,1,1,1,3
2024-03-06,2024,2024Q1,2024-03,Togo,Littoral,10.4285,0.20783,8,8,8,3
2024-06-21,2024,2024Q2,2024-06,Togo,Littoral,10.00162,0.480704,4,4,4,3
2024-10-26,2024,2024Q4,2024-10,Togo,Littoral,10.91667,0.48333,8,8,8,3
2024-11-04,2024,2024Q4,2024-11,Togo,Littoral,10.91667,0.78333,1,1,1,3
2024-11-19,2024,2024Q4,2024-11,Togo,Littoral,10.9124,0.57367,1,1,1,3
2022-05-11,2022,2022Q2,2022-05,Togo,Littoral,10.94306,0.64139,23,23,8,1
2022-07-09,2022,2022Q3,2022-07,Togo,Littoral,10.975,0.637,7,7,7,1
2022-11-17,2022,2022Q4,2022-11,Togo,Littoral,10.97556,0.82374,3,27,3,1
2023-01-01,2023,2023Q1,2023-01,Togo,Littoral,10.943,0.85018,3,3,3,1
2023-01-15,2023,2023Q1,2023-01,Togo,Littoral,10.8475,0.816667,0,2,0,1
2023-02-01,2023,2023Q1,2023-02,Togo,Littoral,11.09741,0.02449,1,1,1,1
2023-02-02,2023,2023Q1,2023-02,Togo,Littoral,10.87861,0.73111,3,12,3,1
2023-02-03,2023,2023Q1,2023-02,Togo,Littoral,10.87861,0.73111,0,2,0,1
2023-03-08,2023,2023Q1,2023-03,Togo,Littoral,10.851575,0.817636,0,3,0,1
2023-03-14,2023,2023Q1,2023-03,Togo,Littoral,10.937649,0.583311,2,2,2,1
2023-07-17,2023,2023Q3,2023-07,Togo,Littoral,10.976775,0.660403,12,12,12,1
2023-10-05,2023,2023Q4,2023-10,Togo,Littoral,10.94306,0.64139,0,3,0,1
2023-10-14,2023,2023Q4,2023-10,Togo,Littoral,10.91667,0.5,3,3,3,1
2023-11-11,2023,2023Q4,2023-11,Togo,Littoral,10.86225,0.20762,3,3,3,1
2024-02-01,2024,2024Q1,2024-02,Togo,Littoral,11.0,0.48333,2,2,2,1
2024-02-03,2024,2024Q1,2024-02,Togo,Littoral,10.86225,0.20762,0,1,0,1
2024-06-18,2024,2024Q2,2024-06,Togo,Littoral,10.354711,0.473908,4,4,4,1
2024-06-21,2024,2024Q2,2024-06,Togo,Littoral,10.79726,0.54044,4,4,4,1
2024-06-25,2024,2024Q2,2024-06,Togo,Littoral,10.546926,0.554873,0,1,0,1
2024-07-20,2024,2024Q3,2024-07,Togo,Littoral,10.93333,0.4,12,13,12,1
2024-08-07,2024,2024Q3,2024-08,Togo,Littoral,10.93333,0.4,3,3,3,1
2024-10-02,2024,2024Q4,2024-10,Togo,Littoral,10.94306,0.64139,19,22,19,1
2024-11-09,2024,2024Q4,2024-11,Togo,Littoral,11.00682,0.46812,1,2,1,1
2026-04-02,2026,2026Q2,2026-04,Mali,Sahel Core,16.6419,-4.2211,1,1,1,3
2026-04-25,2026,2026Q2,2026-04,Mali,Sahel Core,18.441111,1.407778,14,14,14,1
2026-04-25,2026,2026Q2,2026-04,Mali,Sahel Core,14.52742,-4.09344,13,13,13,1
2026-04-10,2026,2026Q2,2026-04,Burkina Faso,Sahel Core,11.588058,-0.010728,2,2,2,1
2026-04-11,2026,2026Q2,2026-04,Burkina Faso,Sahel Core,12.483962,-0.320276,3,3,3,3
2026-04-11,2026,2026Q2,2026-04,Burkina Faso,Sahel Core,12.079959,-4.377965,1,1,1,1
2026-04-29,2026,2026Q2,2026-04,Mali,Sahel Core,18.441111,1.407778,0,1,0,1
2026-04-29,2026,2026Q2,2026-04,Burkina Faso,Sahel Core,12.909465,-2.605982,12,12,11,1
2026-04-29,2026,2026Q2,2026-04,Burkina Faso,Sahel Core,12.01502,0.60921,7,7,7,1
2026-04-23,2026,2026Q2,2026-04,Mali,Sahel Core,17.792742,0.010754,4,4,0,3
2026-04-03,2026,2026Q2,2026-04,Niger,Sahel Core,14.73075,0.91739,2,2,2,1
2026-04-03,2026,2026Q2,2026-04,Niger,Sahel Core,13.69869,13.30951,2,2,2,1
2026-04-03,2026,2026Q2,2026-04,Burkina Faso,Sahel Core,14.046331,-0.315173,0,4,0,2
2026-04-02,2026,2026Q2,2026-04,Burkina Faso,Sahel Core,13.605427,-2.110744,4,4,4,1
2026-04-02,2026,2026Q2,2026-04,Burkina Faso,Sahel Core,12.61667,-0.43333,3,3,3,3
2026-04-02,2026,2026Q2,2026-04,Burkina Faso,Sahel Core,11.94827,0.300084,0,3,0,1
2026-04-10,2026,2026Q2,2026-04,Niger,Sahel Core,12.483333,3.533333,2,3,2,1
2026-04-07,2026,2026Q2,2026-04,Burkina Faso,Sahel Core,11.864475,-0.048432,1,8,1,1
2026-04-07,2026,2026Q2,2026-04,Burkina Faso,Sahel Core,11.89398,-0.06026,1,1,1,1
2026-04-15,2026,2026Q2,2026-04,Burkina Faso,Sahel Core,11.054767,0.292357,0,1,0,1
2026-04-14,2026,2026Q2,2026-04,Burkina Faso,Sahel Core,12.483962,-0.320276,16,16,16,1
2026-04-14,2026,2026Q2,2026-04,Burkina Faso,Sahel Core,13.64056,-0.80944,0,2,0,1
2026-04-18,2026,2026Q2,2026-04,Mali,Sahel Core,16.41453,-3.67075,2,2,2,1
2026-04-22,2026,2026Q2,2026-04,Burkina Faso,Sahel Core,11.21447,0.24173,25,28,25,1
2026-04-11,2026,2026Q2,2026-04,Burkina Faso,Sahel Core,12.06157,0.35843,2,2,2,3
2026-04-23,2026,2026Q2,2026-04,Mali,Sahel Core,14.8252,-5.2547,0,1,0,1
2026-04-18,2026,2026Q2,2026-04,Mali,Sahel Core,14.505508,-9.907028,0,1,0,1
2026-04-12,2026,2026Q2,2026-04,Mali,Sahel Core,14.703479,-10.305606,0,1,0,1
2026-04-06,2026,2026Q2,2026-04,Mali,Sahel Core,14.01667,-4.23333,0,1,0,1
2026-04-08,2026,2026Q2,2026-04,Niger,Sahel Core,13.102462,2.362637,3,3,3,1
2026-04-01,2026,2026Q2,2026-04,Mali,Sahel Core,16.696345,-3.739477,2,2,2,3
2026-04-02,2026,2026Q2,2026-04,Mali,Sahel Core,14.958209,-3.826416,0,1,0,1
2026-04-02,2026,2026Q2,2026-04,Mali,Sahel Core,11.819346,-7.009,0,1,0,1
2026-04-01,2026,2026Q2,2026-04,Mali,Sahel Core,13.68427,-6.07352,3,3,3,1
2026-04-26,2026,2026Q2,2026-04,Mali,Sahel Core,16.833055,-2.528888,2,2,0,3
2026-04-14,2026,2026Q2,2026-04,Niger,Sahel Core,13.31536,12.61135,2,2,2,1
2026-04-25,2026,2026Q2,2026-04,Mali,Sahel Core,13.9641,-5.35791,0,1,0,1
2026-04-26,2026,2026Q2,2026-04,Mali,Sahel Core,13.574443,-8.034406,0,1,0,1
2026-04-10,2026,2026Q2,2026-04,Burkina Faso,Sahel Core,14.21473,-1.97315,10,10,10,1
2026-04-01,2026,2026Q2,2026-04,Burkina Faso,Sahel Core,13.028278,-3.015773,1,1,1,1
2026-04-13,2026,2026Q2,2026-04,Burkina Faso,Sahel Core,12.904607,-3.395983,1,1,1,1
2026-04-09,2026,2026Q2,2026-04,Burkina Faso,Sahel Core,14.21473,-1.97315,1,1,1,1
2026-04-09,2026,2026Q2,2026-04,Burkina Faso,Sahel Core,12.72939,-3.86305,2,2,2,1
2026-04-14,2026,2026Q2,2026-04,Burkina Faso,Sahel Core,14.21473,-1.97315,0,1,0,1
2026-04-07,2026,2026Q2,2026-04,Burkina Faso,Sahel Core,13.2346,-3.3391,0,1,0,1
2026-04-01,2026,2026Q2,2026-04,Mali,Sahel Core,16.592382,-4.459634,0,1,0,1
2026-04-01,2026,2026Q2,2026-04,Mali,Sahel Core,16.735374,-3.73518,0,1,0,1
2026-04-01,2026,2026Q2,2026-04,Mali,Sahel Core,16.32869,-4.95912,0,1,0,1
2026-04-25,2026,2026Q2,2026-04,Mali,Sahel Core,16.271667,-0.044722,4,4,4,1
2026-04-02,2026,2026Q2,2026-04,Mali,Sahel Core,16.3531,-4.5905,1,1,1,3
2026-04-13,2026,2026Q2,2026-04,Burkina Faso,Sahel Core,12.9188,0.0392,0,1,0,1
2026-04-17,2026,2026Q2,2026-04,Mali,Sahel Core,15.107736,-10.544912,20,20,20,1
2026-04-03,2026,2026Q2,2026-04,Burkina Faso,Sahel Core,12.91667,-3.83333,0,1,0,1
2026-04-02,2026,2026Q2,2026-04,Mali,Sahel Core,18.45173,1.275488,0,1,0,1
2026-04-12,2026,2026Q2,2026-04,Mali,Sahel Core,13.745368,-8.084393,0,1,0,1
2026-04-19,2026,2026Q2,2026-04,Mali,Sahel Core,14.77995,-4.09297,0,1,0,1
2026-04-20,2026,2026Q2,2026-04,Mali,Sahel Core,13.745368,-8.084393,0,1,0,1
2026-04-09,2026,2026Q2,2026-04,Burkina Faso,Sahel Core,14.33333,-1.25,2,2,2,1
2026-04-13,2026,2026Q2,2026-04,Burkina Faso,Sahel Core,14.33333,-1.25,100,100,100,1
